,level_1_description,eo_main_class_id,eo_main_class_descr,eo_class_code,eo_class_description,constr_type,eo_model_id,eo_model_name,head_eo_model_id,head_eo_model_descr,component_class_id,component_class_descr,eo_description,eo_code,teh_mesto,teh_mesto_description,level_upper,sap_operation_status,operation_start_date,operation_finish_date,strategy_id,head_type,interval_between_overhaul
2,Полюс Вернинское,E01_01,Самосвалы карьерные,no_data,no_data,960002408,0,no_data,65,Самосвалы CAT 785C,1.0,ДВС,ДВС 3512B №EEE00297,100000073096,03-CTT-CC01,Самосвал №1619,03-CTT-C785,,2021-03-10,2030-01-01,0,component,15000.0
15,Полюс Вернинское,E01_01,Самосвалы карьерные,no_data,no_data,960002408,0,no_data,65,Самосвалы CAT 785C,1.0,ДВС,ДВС 3512B №8BR03178,100000009820,03-CTT-CC02,Самосвал №1620,03-CTT-C785,,2017-12-12,2030-01-01,0,component,15000.0
21,Полюс Вернинское,E01_01,Самосвалы карьерные,S01,Узлы. ДВС,960002502,0,no_data,74,Самосвалы Komatsu HD785-7,1.0,ДВС,ДВС SAA12V140E-3B,100000009780,03-CTT-KD01,Самосвал №1609,03-CTT-K787,,2012-10-04,2030-01-01,0,component,15000.0
30,Полюс Вернинское,E01_01,Самосвалы карьерные,S01,Узлы. ДВС,960002502,0,no_data,74,Самосвалы Komatsu HD785-7,1.0,ДВС,ДВС SAA12V140E-3B №506086,100000009781,03-CTT-KD02,Самосвал №1610,03-CTT-K787,,2021-08-22,2030-01-01,0,component,15000.0
35,Полюс Вернинское,E01_01,Самосвалы карьерные,no_data,no_data,960002502,0,no_data,74,Самосвалы Komatsu HD785-7,1.0,ДВС,ДВС SAA12V140E-3B №509606,100000067902,03-CTT-KD03,Самосвал №1611,03-CTT-K787,,2020-11-18,2030-01-01,0,component,15000.0
45,Полюс Вернинское,E01_01,Самосвалы карьерные,S01,Узлы. ДВС,960002502,0,no_data,74,Самосвалы Komatsu HD785-7,1.0,ДВС,ДВС SAA12V140E-3B,100000009791,03-CTT-KD04,Самосвал №1612,03-CTT-K787,,2013-01-30,2030-01-01,0,component,15000.0
55,Полюс Вернинское,E01_01,Самосвалы карьерные,no_data,no_data,960002502,0,no_data,74,Самосвалы Komatsu HD785-7,1.0,ДВС,ДВС SAA12V140E-3B,100000009800,03-CTT-KD05,Самосвал №1613,03-CTT-K787,,2013-02-28,2030-01-01,0,component,15000.0
62,Полюс Вернинское,E01_01,Самосвалы карьерные,no_data,no_data,960002502,0,no_data,74,Самосвалы Komatsu HD785-7,1.0,ДВС,ДВС SAA12V140E-3B №506086,100000009801,03-CTT-KD06,Самосвал №1614,03-CTT-K787,,2013-03-29,2030-01-01,0,component,15000.0
69,Полюс Вернинское,E01_01,Самосвалы карьерные,no_data,no_data,960002502,0,no_data,74,Самосвалы Komatsu HD785-7,1.0,ДВС,ДВС SAA12V140E-3B,100000081172,03-CTT-KD07,Самосвал №1615,03-CTT-K787,,2021-09-18,2030-01-01,0,component,15000.0
73,Полюс Вернинское,E01_01,Самосвалы карьерные,no_data,no_data,960002500,0,no_data,73,Самосвалы Komatsu HD785-5,1.0,ДВС,ДВС SA12V140-1U-A,100000009751,03-CTT-KH01,Самосвал №1601,03-CTT-K785,,2007-07-31,2030-01-01,0,component,15000.0
84,Полюс Вернинское,E01_01,Самосвалы карьерные,no_data,no_data,960002500,0,no_data,73,Самосвалы Komatsu HD785-5,1.0,ДВС,ДВС SA12V140-1U-A,100000009760,03-CTT-KH02,Самосвал №1603,03-CTT-K785,,2007-08-30,2030-01-01,0,component,15000.0
87,Полюс Вернинское,E01_01,Самосвалы карьерные,no_data,no_data,960002500,0,no_data,73,Самосвалы Komatsu HD785-5,1.0,ДВС,ДВС SA12V140-1U-A,100000009761,03-CTT-KH03,Самосвал №1604,03-CTT-K785,,2007-09-30,2030-01-01,0,component,15000.0
99,Полюс Вернинское,E01_01,Самосвалы карьерные,no_data,no_data,960002500,0,no_data,73,Самосвалы Komatsu HD785-5,1.0,ДВС,ДВС SA12V140-1U-A,100000009770,03-CTT-KH04,Самосвал №1606,03-CTT-K785,,2007-09-30,2030-01-01,0,component,15000.0
102,Полюс Вернинское,E01_01,Самосвалы карьерные,no_data,no_data,960002500,0,no_data,73,Самосвалы Komatsu HD785-5,1.0,ДВС,ДВС SA12V140-1U-A,100000009771,03-CTT-KH05,Самосвал №1607,03-CTT-K785,,2007-10-30,2030-01-01,0,component,15000.0
112,Полюс Вернинское,E01_01,Самосвалы карьерные,S01,Узлы. ДВС,960002504,0,no_data,72,Самосвалы Komatsu HD1500-8,1.0,ДВС,ДВС SDA16V159-3,100000009821,03-CTT-KM01,Самосвал №1621,03-CTT-K150,,2019-03-01,2030-01-01,0,component,15000.0
120,Полюс Вернинское,E01_01,Самосвалы карьерные,S01,Узлы. ДВС,960002504,0,no_data,72,Самосвалы Komatsu HD1500-8,1.0,ДВС,ДВС SDA16V159-3,100000009830,03-CTT-KM02,Самосвал №1622,03-CTT-K150,,2019-03-01,2030-01-01,0,component,15000.0
127,Полюс Вернинское,E01_01,Самосвалы карьерные,S01,Узлы. ДВС,960002504,0,no_data,72,Самосвалы Komatsu HD1500-8,1.0,ДВС,ДВС SDA16V159-3,100000009831,03-CTT-KM03,Самосвал №1623,03-CTT-K150,,2019-03-01,2030-01-01,0,component,15000.0
135,Полюс Вернинское,E01_01,Самосвалы карьерные,no_data,no_data,960002504,0,no_data,72,Самосвалы Komatsu HD1500-8,1.0,ДВС,ДВС SDA16V159-3 №33218205,100000021365,03-CTT-KM04,Самосвал №1624,03-CTT-K150,,2020-03-31,2030-01-01,0,component,15000.0
147,Полюс Вернинское,E01_01,Самосвалы карьерные,no_data,no_data,960002504,0,no_data,72,Самосвалы Komatsu HD1500-8,1.0,ДВС,ДВС SDA16V159-3 №33218220,100000021371,03-CTT-KM05,Самосвал №1625,03-CTT-K150,,2020-03-31,2030-01-01,0,component,15000.0
155,Полюс Вернинское,E01_01,Самосвалы карьерные,no_data,no_data,960002504,0,no_data,72,Самосвалы Komatsu HD1500-8,1.0,ДВС,ДВС SDA16V159-3 №33218574,100000023797,03-CTT-KM06,Самосвал №1626,03-CTT-K150,,2020-08-01,2030-01-01,0,component,15000.0
158,Полюс Вернинское,E01_01,Самосвалы карьерные,no_data,no_data,960002504,0,no_data,72,Самосвалы Komatsu HD1500-8,1.0,ДВС,ДВС SDA16V159-3,100000068305,03-CTT-KM07,Самосвал №1627,03-CTT-K150,,2021-01-01,2030-01-01,0,component,15000.0
165,Полюс Вернинское,E01_01,Самосвалы карьерные,no_data,no_data,960002504,0,no_data,72,Самосвалы Komatsu HD1500-8,1.0,ДВС,ДВС SDA16V159-3,100000068310,03-CTT-KM08,Самосвал №1628,03-CTT-K150,,2021-01-01,2030-01-01,0,component,15000.0
172,Полюс Вернинское,E01_01,Самосвалы карьерные,no_data,no_data,960002504,0,no_data,72,Самосвалы Komatsu HD1500-8,1.0,ДВС,ДВС SDA16V159-3,100000068277,03-CTT-KM09,Самосвал №1629,03-CTT-K150,,2020-12-20,2030-01-01,0,component,15000.0
178,Полюс Вернинское,E01_01,Самосвалы карьерные,no_data,no_data,960002504,0,no_data,72,Самосвалы Komatsu HD1500-8,1.0,ДВС,ДВС SDA16V159-3,100000071922,03-CTT-KM10,Самосвал №1630,03-CTT-K150,,2022-01-01,2030-01-01,0,component,15000.0
211,Полюс Вернинское,E01_01,Самосвалы карьерные,,,960011080,0,no_data,62,Самосвалы БелАЗ-7547,1.0,ДВС,ДВС БелАЗ №2441,100000098949,03-KON-OBSL-OB02,БелАЗ-7547 №2441,03-KON-OBSL-PBEL,,2021-01-01,2030-12-30,0,component,15000.0
216,Полюс Вернинское,E01_01,Самосвалы карьерные,,,960011080,0,no_data,62,Самосвалы БелАЗ-7547,1.0,ДВС,ДВС БелАЗ №2442,100000098950,03-KON-OBSL-OB03,БелАЗ-7547 №2442,03-KON-OBSL-PBEL,,2021-01-01,2030-12-30,0,component,15000.0
224,Полюс Вернинское,E01_01,Самосвалы карьерные,,,960011080,0,no_data,62,Самосвалы БелАЗ-7547,1.0,ДВС,ДВС БелАЗ №2443,100000098951,03-KON-OBSL-OB04,БелАЗ-7547 №2443,03-KON-OBSL-PBEL,,2021-01-01,2030-12-30,0,component,15000.0
231,Полюс Вернинское,E01_01,Самосвалы карьерные,,,960002400,0,no_data,62,Самосвалы БелАЗ-7547,1.0,ДВС,ДВС,100000098744,03-KON-OBSL-OB05,БелАЗ-7547 №2444,03-KON-OBSL-PBEL,,2021-01-01,2030-12-30,0,component,15000.0
237,Полюс Вернинское,E01_01,Самосвалы карьерные,,,960011080,0,no_data,62,Самосвалы БелАЗ-7547,1.0,ДВС,ДВС БелАЗ №2445,100000098952,03-KON-OBSL-OB06,БелАЗ-7547 №2445,03-KON-OBSL-PBEL,,2021-01-01,2030-12-30,0,component,15000.0
245,Полюс Вернинское,E01_01,Самосвалы карьерные,,,960011080,0,no_data,62,Самосвалы БелАЗ-7547,1.0,ДВС,ДВС БелАЗ №2446,100000098953,03-KON-OBSL-OB07,БелАЗ-7547 №2446,03-KON-OBSL-PBEL,,2021-01-01,2030-12-30,0,component,15000.0
962,Полюс Магадан,E01_01,Самосвалы карьерные,no_data,no_data,960013483,0,no_data,60,Самосвалы БелАЗ-75182,1.0,ДВС,ДВС QSK50-C 33217822,100000093327,05-KAR-UTTR-B701,Самосвал карьерный №34,05-KAR-UTTR-B751,,1899-12-31,2030-01-01,0,component,15000.0
969,Полюс Магадан,E01_01,Самосвалы карьерные,no_data,no_data,960013483,0,no_data,60,Самосвалы БелАЗ-75182,1.0,ДВС,ДВС QSK50-C 33224442,100000093333,05-KAR-UTTR-B702,Самосвал карьерный №35,05-KAR-UTTR-B751,,1899-12-31,2030-01-01,0,component,15000.0
976,Полюс Магадан,E01_01,Самосвалы карьерные,no_data,no_data,960013483,0,no_data,60,Самосвалы БелАЗ-75182,1.0,ДВС,ДВС QSK50-C 33219811,100000093339,05-KAR-UTTR-B703,Самосвал карьерный №36,05-KAR-UTTR-B751,,1899-12-31,2030-01-01,0,component,15000.0
989,Полюс Магадан,E01_01,Самосвалы карьерные,no_data,no_data,960013474,0,no_data,66,Самосвалы CAT 789D,1.0,ДВС,ДВС 3516C №B8F00567,100000092956,05-KAR-UTTR-C901,Самосвал карьерный №31,05-KAR-UTTR-C789,,2019-12-31,2030-01-01,0,component,15000.0
998,Полюс Магадан,E01_01,Самосвалы карьерные,no_data,no_data,960013474,0,no_data,66,Самосвалы CAT 789D,1.0,ДВС,ДВС 3516C №B8F00568,100000092957,05-KAR-UTTR-C902,Самосвал карьерный №32,05-KAR-UTTR-C789,,2019-12-31,2030-01-01,0,component,15000.0
1008,Полюс Магадан,E01_01,Самосвалы карьерные,no_data,no_data,960013474,0,no_data,66,Самосвалы CAT 789D,1.0,ДВС,ДВС 3516C №B8F00587,100000093111,05-KAR-UTTR-C903,Самосвал карьерный №33,05-KAR-UTTR-C789,,2020-02-29,2030-01-01,0,component,15000.0
1010,Полюс Магадан,E01_01,Самосвалы карьерные,no_data,no_data,960013488,0,no_data,68,Самосвалы Komatsu 730E-10,1.0,ДВС,ДВС SSDA16V159E-2,100000093282,05-KAR-UTTR-K101,Самосвал карьерный №37,05-KAR-UTTR-K731,,1899-12-31,2030-01-01,0,component,15000.0
1017,Полюс Магадан,E01_01,Самосвалы карьерные,no_data,no_data,960013488,0,no_data,68,Самосвалы Komatsu 730E-10,1.0,ДВС,ДВС SSDA16V159E-2,100000093285,05-KAR-UTTR-K102,Самосвал карьерный №38,05-KAR-UTTR-K731,,1899-12-31,2030-01-01,0,component,15000.0
1024,Полюс Магадан,E01_01,Самосвалы карьерные,no_data,no_data,960013488,0,no_data,68,Самосвалы Komatsu 730E-10,1.0,ДВС,ДВС SSDA16V159E-2,100000093288,05-KAR-UTTR-K103,Самосвал карьерный №39,05-KAR-UTTR-K731,,1899-12-31,2030-01-01,0,component,15000.0
1031,Полюс Магадан,E01_01,Самосвалы карьерные,no_data,no_data,960013488,0,no_data,68,Самосвалы Komatsu 730E-10,1.0,ДВС,ДВС SSDA16V159E-2,100000093291,05-KAR-UTTR-K104,Самосвал карьерный №40,05-KAR-UTTR-K731,,1899-12-31,2030-01-01,0,component,15000.0
1038,Полюс Магадан,E01_01,Самосвалы карьерные,no_data,no_data,960013488,0,no_data,68,Самосвалы Komatsu 730E-10,1.0,ДВС,ДВС SSDA16V159E-2,100000093294,05-KAR-UTTR-K105,Самосвал карьерный №41,05-KAR-UTTR-K731,,1899-12-31,2030-01-01,0,component,15000.0
1045,Полюс Магадан,E01_01,Самосвалы карьерные,no_data,no_data,960013488,0,no_data,68,Самосвалы Komatsu 730E-10,1.0,ДВС,ДВС SSDA16V159E-2,100000093297,05-KAR-UTTR-K106,Самосвал карьерный №42,05-KAR-UTTR-K731,,1899-12-31,2030-01-01,0,component,15000.0
1052,Полюс Магадан,E01_01,Самосвалы карьерные,no_data,no_data,960013488,0,no_data,68,Самосвалы Komatsu 730E-10,1.0,ДВС,ДВС SSDA16V159E-2,100000093300,05-KAR-UTTR-K107,Самосвал карьерный №43,05-KAR-UTTR-K731,,1899-12-31,2030-01-01,0,component,15000.0
1059,Полюс Магадан,E01_01,Самосвалы карьерные,no_data,no_data,960013488,0,no_data,68,Самосвалы Komatsu 730E-10,1.0,ДВС,ДВС SSDA16V159E-2,100000093303,05-KAR-UTTR-K108,Самосвал карьерный 44,05-KAR-UTTR-K731,,1899-12-31,2030-01-01,0,component,15000.0
1066,Полюс Магадан,E01_01,Самосвалы карьерные,no_data,no_data,960013488,0,no_data,68,Самосвалы Komatsu 730E-10,1.0,ДВС,ДВС SSDA16V159E-2,100000093306,05-KAR-UTTR-K109,Самосвал карьерный №45,05-KAR-UTTR-K731,,1899-12-31,2030-01-01,0,component,15000.0
1073,Полюс Магадан,E01_01,Самосвалы карьерные,no_data,no_data,960013488,0,no_data,68,Самосвалы Komatsu 730E-10,1.0,ДВС,ДВС SSDA16V159E-2,100000093309,05-KAR-UTTR-K110,Самосвал карьерный №46,05-KAR-UTTR-K731,,1899-12-31,2030-01-01,0,component,15000.0
1080,Полюс Магадан,E01_01,Самосвалы карьерные,no_data,no_data,960013488,0,no_data,68,Самосвалы Komatsu 730E-10,1.0,ДВС,ДВС SSDA16V159E-2,100000093312,05-KAR-UTTR-K111,Самосвал карьерный №47,05-KAR-UTTR-K731,,1899-12-31,2030-01-01,0,component,15000.0
1087,Полюс Магадан,E01_01,Самосвалы карьерные,no_data,no_data,960013488,0,no_data,68,Самосвалы Komatsu 730E-10,1.0,ДВС,ДВС SSDA16V159E-2,100000093315,05-KAR-UTTR-K112,Самосвал карьерный №48,05-KAR-UTTR-K731,,1899-12-31,2030-01-01,0,component,15000.0
1094,Полюс Магадан,E01_01,Самосвалы карьерные,no_data,no_data,960013488,0,no_data,68,Самосвалы Komatsu 730E-10,1.0,ДВС,ДВС SSDA16V159E-2,100000093318,05-KAR-UTTR-K113,Самосвал карьерный №49,05-KAR-UTTR-K731,,1899-12-31,2030-01-01,0,component,15000.0
1101,Полюс Магадан,E01_01,Самосвалы карьерные,no_data,no_data,960013488,0,no_data,68,Самосвалы Komatsu 730E-10,1.0,ДВС,ДВС SSDA16V159E-2,100000093321,05-KAR-UTTR-K114,Самосвал карьерный №50,05-KAR-UTTR-K731,,1899-12-31,2030-01-01,0,component,15000.0
1108,Полюс Магадан,E01_01,Самосвалы карьерные,no_data,no_data,960013488,0,no_data,68,Самосвалы Komatsu 730E-10,1.0,ДВС,ДВС SSDA16V159E-2,100000093324,05-KAR-UTTR-K115,Самосвал карьерный №51,05-KAR-UTTR-K731,,1899-12-31,2030-01-01,0,component,15000.0
1115,Полюс Магадан,E01_01,Самосвалы карьерные,no_data,no_data,960003667,0,no_data,71,Самосвалы Komatsu HD1500-7,1.0,ДВС,ДВС QSK45 №33187799,100000093027,05-KAR-UTTR-K701,Самосвал карьерный №1,05-KAR-UTTR-K158,,2012-08-01,2030-01-01,0,component,15000.0
1123,Полюс Магадан,E01_01,Самосвалы карьерные,S01,Узлы. ДВС,960003667,0,no_data,71,Самосвалы Komatsu HD1500-7,1.0,ДВС,ДВС QSK45 №33223863,100000093055,05-KAR-UTTR-K702,Самосвал карьерный №10,05-KAR-UTTR-K158,,2021-12-26,2030-01-01,0,component,15000.0
1131,Полюс Магадан,E01_01,Самосвалы карьерные,no_data,no_data,960003667,0,no_data,71,Самосвалы Komatsu HD1500-7,1.0,ДВС,ДВС QSK45 №33193014R,100000093097,05-KAR-UTTR-K703,Самосвал карьерный №11,05-KAR-UTTR-K158,,2013-07-31,2030-01-01,0,component,15000.0
1145,Полюс Магадан,E01_01,Самосвалы карьерные,no_data,no_data,960003667,0,no_data,71,Самосвалы Komatsu HD1500-7,1.0,ДВС,ДВС QSK45 №33216288,100000093104,05-KAR-UTTR-K704,Самосвал карьерный №12,05-KAR-UTTR-K158,,2013-08-31,2030-01-01,0,component,15000.0
1153,Полюс Магадан,E01_01,Самосвалы карьерные,no_data,no_data,960003667,0,no_data,71,Самосвалы Komatsu HD1500-7,1.0,ДВС,ДВС QSK45 №33221974,100000093034,05-KAR-UTTR-K705,Самосвал карьерный №2,05-KAR-UTTR-K158,,2021-07-31,2030-01-01,0,component,15000.0
1155,Полюс Магадан,E01_01,Самосвалы карьерные,no_data,no_data,960003667,0,no_data,71,Самосвалы Komatsu HD1500-7,1.0,ДВС,ДВС QSK45 №33193806,100000093041,05-KAR-UTTR-K706,Самосвал карьерный №3,05-KAR-UTTR-K158,,2012-08-01,2030-01-01,0,component,15000.0
1169,Полюс Магадан,E01_01,Самосвалы карьерные,no_data,no_data,960003667,0,no_data,71,Самосвалы Komatsu HD1500-7,1.0,ДВС,ДВС QSK45 №33224342,100000093048,05-KAR-UTTR-K707,Самосвал карьерный №4,05-KAR-UTTR-K158,,2021-08-29,2030-01-01,0,component,15000.0
1171,Полюс Магадан,E01_01,Самосвалы карьерные,S01,Узлы. ДВС,960003667,0,no_data,71,Самосвалы Komatsu HD1500-7,1.0,ДВС,ДВС QSK45 №33209688,100000093090,05-KAR-UTTR-K708,Самосвал карьерный №5,05-KAR-UTTR-K158,,2021-12-09,2030-01-01,0,component,15000.0
1178,Полюс Магадан,E01_01,Самосвалы карьерные,no_data,no_data,960003667,0,no_data,71,Самосвалы Komatsu HD1500-7,1.0,ДВС,ДВС QSK45 №33193650,100000093062,05-KAR-UTTR-K709,Самосвал карьерный №6,05-KAR-UTTR-K158,,2013-03-31,2030-01-01,0,component,15000.0
1192,Полюс Магадан,E01_01,Самосвалы карьерные,no_data,no_data,960003667,0,no_data,71,Самосвалы Komatsu HD1500-7,1.0,ДВС,ДВС QSK45 №33193009,100000093069,05-KAR-UTTR-K710,Самосвал карьерный №7,05-KAR-UTTR-K158,,2013-04-30,2030-01-01,0,component,15000.0
1194,Полюс Магадан,E01_01,Самосвалы карьерные,no_data,no_data,960003667,0,no_data,71,Самосвалы Komatsu HD1500-7,1.0,ДВС,ДВС QSK45 №33187584,100000093076,05-KAR-UTTR-K711,Самосвал карьерный №8,05-KAR-UTTR-K158,,2019-10-16,2030-01-01,0,component,15000.0
1202,Полюс Магадан,E01_01,Самосвалы карьерные,no_data,no_data,960003667,0,no_data,71,Самосвалы Komatsu HD1500-7,1.0,ДВС,ДВС QSK45 №33224341,100000093083,05-KAR-UTTR-K712,Самосвал карьерный №9,05-KAR-UTTR-K158,,2013-06-30,2030-01-01,0,component,15000.0
1213,Полюс Магадан,E01_01,Самосвалы карьерные,no_data,no_data,960010725,0,no_data,69,Самосвалы Komatsu 730E-8,1.0,ДВС,ДВС QSK50 №33200209,100000092958,05-KAR-UTTR-K801,Самосвал карьерный №13,05-KAR-UTTR-K738,,2018-03-16,2030-01-01,0,component,15000.0
1220,Полюс Магадан,E01_01,Самосвалы карьерные,no_data,no_data,960010725,0,no_data,69,Самосвалы Komatsu 730E-8,1.0,ДВС,ДВС QSK50 №33211219,100000092959,05-KAR-UTTR-K802,Самосвал карьерный №14,05-KAR-UTTR-K738,,2018-03-16,2030-01-01,0,component,15000.0
1228,Полюс Магадан,E01_01,Самосвалы карьерные,no_data,no_data,960010725,0,no_data,69,Самосвалы Komatsu 730E-8,1.0,ДВС,ДВС QSK50 №33210768,100000092960,05-KAR-UTTR-K803,Самосвал карьерный №15,05-KAR-UTTR-K738,,2018-04-23,2030-01-01,0,component,15000.0
1234,Полюс Магадан,E01_01,Самосвалы карьерные,no_data,no_data,960010725,0,no_data,69,Самосвалы Komatsu 730E-8,1.0,ДВС,ДВС QSK50 №33211641,100000092961,05-KAR-UTTR-K804,Самосвал карьерный №16,05-KAR-UTTR-K738,,2018-04-23,2030-01-01,0,component,15000.0
1243,Полюс Магадан,E01_01,Самосвалы карьерные,no_data,no_data,960010725,0,no_data,69,Самосвалы Komatsu 730E-8,1.0,ДВС,ДВС QSK50 №33221821,100000093118,05-KAR-UTTR-K805,Самосвал карьерный №17,05-KAR-UTTR-K738,,2018-04-23,2030-01-01,0,component,15000.0
1249,Полюс Магадан,E01_01,Самосвалы карьерные,no_data,no_data,960010725,0,no_data,69,Самосвалы Komatsu 730E-8,1.0,ДВС,ДВС QSK50 №33200155,100000093121,05-KAR-UTTR-K806,Самосвал карьерный №18,05-KAR-UTTR-K738,,2018-04-23,2030-01-01,0,component,15000.0
1254,Полюс Магадан,E01_01,Самосвалы карьерные,no_data,no_data,960010725,0,no_data,69,Самосвалы Komatsu 730E-8,1.0,ДВС,ДВС QSK50 №33211169,100000092962,05-KAR-UTTR-K807,Самосвал карьерный №19,05-KAR-UTTR-K738,,2018-05-30,2030-01-01,0,component,15000.0
1263,Полюс Магадан,E01_01,Самосвалы карьерные,no_data,no_data,960010725,0,no_data,69,Самосвалы Komatsu 730E-8,1.0,ДВС,ДВС QSK50 №33211382,100000092966,05-KAR-UTTR-K808,Самосвал карьерный №20,05-KAR-UTTR-K738,,2018-06-30,2030-01-01,0,component,15000.0
1270,Полюс Магадан,E01_01,Самосвалы карьерные,no_data,no_data,960010725,0,no_data,69,Самосвалы Komatsu 730E-8,1.0,ДВС,ДВС QSK50 №33211556,100000092967,05-KAR-UTTR-K809,Самосвал карьерный №21,05-KAR-UTTR-K738,,2018-07-31,2030-01-01,0,component,15000.0
1275,Полюс Магадан,E01_01,Самосвалы карьерные,no_data,no_data,960010725,0,no_data,69,Самосвалы Komatsu 730E-8,1.0,ДВС,ДВС QSK50 №33212689,100000092963,05-KAR-UTTR-K810,Самосвал карьерный №22,05-KAR-UTTR-K738,,2018-05-30,2030-01-01,0,component,15000.0
1285,Полюс Магадан,E01_01,Самосвалы карьерные,no_data,no_data,960010725,0,no_data,69,Самосвалы Komatsu 730E-8,1.0,ДВС,ДВС QSK50 №33210940,100000093127,05-KAR-UTTR-K811,Самосвал карьерный №23,05-KAR-UTTR-K738,,2018-05-30,2030-01-01,0,component,15000.0
1292,Полюс Магадан,E01_01,Самосвалы карьерные,no_data,no_data,960010725,0,no_data,69,Самосвалы Komatsu 730E-8,1.0,ДВС,ДВС QSK50 №33203638,100000092965,05-KAR-UTTR-K812,Самосвал карьерный №24,05-KAR-UTTR-K738,,2018-06-30,2030-01-01,0,component,15000.0
1296,Полюс Магадан,E01_01,Самосвалы карьерные,no_data,no_data,960010725,0,no_data,69,Самосвалы Komatsu 730E-8,1.0,ДВС,ДВС QSK50 №33210614,100000090269,05-KAR-UTTR-K813,Самосвал карьерный №25,05-KAR-UTTR-K738,,2018-06-30,2030-01-01,0,component,15000.0
1301,Полюс Магадан,E01_01,Самосвалы карьерные,no_data,no_data,960010725,0,no_data,69,Самосвалы Komatsu 730E-8,1.0,ДВС,ДВС QSK50 №33203575,100000096698,05-KAR-UTTR-K814,Самосвал карьерный №26,05-KAR-UTTR-K738,,2018-06-30,2030-01-01,0,component,15000.0
1312,Полюс Магадан,E01_01,Самосвалы карьерные,no_data,no_data,960010725,0,no_data,69,Самосвалы Komatsu 730E-8,1.0,ДВС,ДВС QSK50 №33211271,100000092968,05-KAR-UTTR-K815,Самосвал карьерный №27,05-KAR-UTTR-K738,,2018-07-31,2030-01-01,0,component,15000.0
1315,Полюс Магадан,E01_01,Самосвалы карьерные,S01,Узлы. ДВС,960010725,0,no_data,69,Самосвалы Komatsu 730E-8,1.0,ДВС,ДВС QSK50 №33210861,100000093124,05-KAR-UTTR-K816,Самосвал карьерный №28,05-KAR-UTTR-K738,,2018-05-30,2030-01-01,0,component,15000.0
1325,Полюс Магадан,E01_01,Самосвалы карьерные,no_data,no_data,960010725,0,no_data,69,Самосвалы Komatsu 730E-8,1.0,ДВС,ДВС QSK50 №33211802,100000092969,05-KAR-UTTR-K817,Самосвал карьерный №29,05-KAR-UTTR-K738,,2018-07-31,2030-01-01,0,component,15000.0
1747,Олимпиадинский ГОК,E01_01,Самосвалы карьерные,S01,Узлы. ДВС,960010721,0,no_data,61,Самосвалы БелАЗ-7540,1.0,ДВС,Двигатель внутр.сгорания №16940,100000038338,11-RUD-CGTR-SEBT-BE02,Самосвал карьерный №21,11-RUD-CGTR-SEBT-BELZ,,2006-06-02,2030-01-01,0,component,15000.0
1762,Олимпиадинский ГОК,E01_01,Самосвалы карьерные,no_data,no_data,960010721,0,no_data,61,Самосвалы БелАЗ-7540,1.0,ДВС,Двигатель внутр.сгорания ЯМЗ-240ПМ-2,100000095552,11-RUD-CGTR-SEBT-BE04,Самосвал карьерный №24,11-RUD-CGTR-SEBT-BELZ,,2021-11-22,2030-01-01,0,component,15000.0
1764,Олимпиадинский ГОК,E01_01,Самосвалы карьерные,S01,Узлы. ДВС,960010722,0,no_data,61,Самосвалы БелАЗ-7540,1.0,ДВС,Двигатель внутр.сгорания №35321036,100000038339,11-RUD-CGTR-SEBT-BE10,Самосвал карьерный №55,11-RUD-CGTR-SEBT-BELZ,,2016-11-01,2030-01-01,0,component,15000.0
1774,Олимпиадинский ГОК,E01_01,Самосвалы карьерные,S01,Узлы. ДВС,960010722,0,no_data,61,Самосвалы БелАЗ-7540,1.0,ДВС,Двигатель внутр.сгорания №35321039,100000038340,11-RUD-CGTR-SEBT-BE11,Самосвал карьерный №56,11-RUD-CGTR-SEBT-BELZ,,2016-11-02,2030-01-01,0,component,15000.0
1789,Олимпиадинский ГОК,E01_01,Самосвалы карьерные,no_data,no_data,960010722,0,no_data,61,Самосвалы БелАЗ-7540,1.0,ДВС,Двигатель внутр.сгорания №35370013,100000079042,11-RUD-CGTR-SEBT-BE12,Самосвал карьерный №57,11-RUD-CGTR-SEBT-BELZ,,2021-06-07,2030-01-01,0,component,15000.0
1791,Олимпиадинский ГОК,E01_01,Самосвалы карьерные,S01,Узлы. ДВС,960010722,0,no_data,61,Самосвалы БелАЗ-7540,1.0,ДВС,Двигатель внутр.сгорания №35321035,100000038342,11-RUD-CGTR-SEBT-BE13,Самосвал карьерный №58,11-RUD-CGTR-SEBT-BELZ,,2016-11-04,2030-01-01,0,component,15000.0
1807,Олимпиадинский ГОК,E01_01,Самосвалы карьерные,no_data,no_data,960010722,0,no_data,61,Самосвалы БелАЗ-7540,1.0,ДВС,Двигатель внутр.сгорания №35373113,100000096405,11-RUD-CGTR-SEBT-BE14,Самосвал карьерный №59,11-RUD-CGTR-SEBT-BELZ,,2021-12-20,2030-01-01,0,component,15000.0
1813,Олимпиадинский ГОК,E01_01,Самосвалы карьерные,S01,Узлы. ДВС,960002408,0,no_data,65,Самосвалы CAT 785C,1.0,ДВС,Двигатель внутр.сгорания №8BR03125,100000038430,11-RUD-CGTR-SEBT-CC01,Самосвал карьерный №401,11-RUD-CGTR-SEBT-C785,,2008-02-19,2030-01-01,0,component,15000.0
1827,Олимпиадинский ГОК,E01_01,Самосвалы карьерные,no_data,no_data,960002408,0,no_data,65,Самосвалы CAT 785C,1.0,ДВС,Двигатель внутр.сгорания,100000038369,11-RUD-CGTR-SEBT-CC03,Самосвал карьерный №403,11-RUD-CGTR-SEBT-C785,,2013-12-31,2030-01-01,0,component,15000.0
1835,Олимпиадинский ГОК,E01_01,Самосвалы карьерные,no_data,no_data,960002408,0,no_data,65,Самосвалы CAT 785C,1.0,ДВС,Двигатель внутр.сгорания №8BR03227,100000038370,11-RUD-CGTR-SEBT-CC04,Самосвал карьерный №404,11-RUD-CGTR-SEBT-C785,,2009-05-06,2030-01-01,0,component,15000.0
1842,Олимпиадинский ГОК,E01_01,Самосвалы карьерные,S01,Узлы. ДВС,960002408,0,no_data,65,Самосвалы CAT 785C,1.0,ДВС,Двигатель внутр.сгорания №8BR03138,100000038416,11-RUD-CGTR-SEBT-CC05,Самосвал карьерный №405,11-RUD-CGTR-SEBT-C785,,2016-08-10,2030-01-01,0,component,15000.0
1864,Олимпиадинский ГОК,E01_01,Самосвалы карьерные,no_data,no_data,960002408,0,no_data,65,Самосвалы CAT 785C,1.0,ДВС,Двигатель внутр.сгорания №8BR03139,100000072049,11-RUD-CGTR-SEBT-CC09,Самосвал карьерный №409,11-RUD-CGTR-SEBT-C785,,2008-02-19,2030-01-01,0,component,15000.0
1873,Олимпиадинский ГОК,E01_01,Самосвалы карьерные,S01,Узлы. ДВС,960002408,0,no_data,65,Самосвалы CAT 785C,1.0,ДВС,Двигатель внутр.сгорания №8BR03232,100000038378,11-RUD-CGTR-SEBT-CC11,Самосвал карьерный №411,11-RUD-CGTR-SEBT-C785,,2009-11-30,2030-01-01,0,component,15000.0
1883,Олимпиадинский ГОК,E01_01,Самосвалы карьерные,S01,Узлы. ДВС,960002408,0,no_data,65,Самосвалы CAT 785C,1.0,ДВС,Двигатель внутр.сгорания №8BR03054,100000038452,11-RUD-CGTR-SEBT-CC13,Самосвал карьерный №414,11-RUD-CGTR-SEBT-C785,,2008-02-19,2030-01-01,0,component,15000.0
1891,Олимпиадинский ГОК,E01_01,Самосвалы карьерные,no_data,no_data,960002408,0,no_data,65,Самосвалы CAT 785C,1.0,ДВС,Двигатель внутр.сгорания № ENG 12-2,100000038381,11-RUD-CGTR-SEBT-CC14,Самосвал карьерный №415,11-RUD-CGTR-SEBT-C785,,2011-05-20,2030-01-01,0,component,15000.0
1902,Олимпиадинский ГОК,E01_01,Самосвалы карьерные,S01,Узлы. ДВС,960002408,0,no_data,65,Самосвалы CAT 785C,1.0,ДВС,Двигатель внутр.сгорания №8BR03056,100000038382,11-RUD-CGTR-SEBT-CC15,Самосвал карьерный №416,11-RUD-CGTR-SEBT-C785,,2008-02-19,2030-01-01,0,component,15000.0
1910,Олимпиадинский ГОК,E01_01,Самосвалы карьерные,S01,Узлы. ДВС,960002408,0,no_data,65,Самосвалы CAT 785C,1.0,ДВС,Двигатель внутр.сгорания №8BR02888,100000038375,11-RUD-CGTR-SEBT-CC16,Самосвал карьерный №417,11-RUD-CGTR-SEBT-C785,,2017-10-14,2030-01-01,0,component,15000.0
1920,Олимпиадинский ГОК,E01_01,Самосвалы карьерные,S01,Узлы. ДВС,960002408,0,no_data,65,Самосвалы CAT 785C,1.0,ДВС,Двигатель внутр.сгорания №EEE00221,100000038384,11-RUD-CGTR-SEBT-CC17,Самосвал карьерный №418,11-RUD-CGTR-SEBT-C785,,2011-04-30,2030-01-01,0,component,15000.0
1929,Олимпиадинский ГОК,E01_01,Самосвалы карьерные,no_data,no_data,960002408,0,no_data,65,Самосвалы CAT 785C,1.0,ДВС,Двигатель внутр.сгорания №8BR02480,100000038385,11-RUD-CGTR-SEBT-CC18,Самосвал карьерный №419,11-RUD-CGTR-SEBT-C785,,2011-04-30,2030-01-01,0,component,15000.0
1941,Олимпиадинский ГОК,E01_01,Самосвалы карьерные,S01,Узлы. ДВС,960002408,0,no_data,65,Самосвалы CAT 785C,1.0,ДВС,Двигатель внутр.сгорания №8BR02973,100000038380,11-RUD-CGTR-SEBT-CC19,Самосвал карьерный №420,11-RUD-CGTR-SEBT-C785,,2009-08-03,2030-01-01,0,component,15000.0
1946,Олимпиадинский ГОК,E01_01,Самосвалы карьерные,S01,Узлы. ДВС,960002408,0,no_data,65,Самосвалы CAT 785C,1.0,ДВС,Двигатель внутр.сгорания №8BR03055,100000038390,11-RUD-CGTR-SEBT-CC21,Самосвал карьерный №422,11-RUD-CGTR-SEBT-C785,,2013-12-13,2030-01-01,0,component,15000.0
1961,Олимпиадинский ГОК,E01_01,Самосвалы карьерные,S01,Узлы. ДВС,960002408,0,no_data,65,Самосвалы CAT 785C,1.0,ДВС,Двигатель внутр.сгорания №8BR02410,100000038438,11-RUD-CGTR-SEBT-CC22,Самосвал карьерный №423,11-RUD-CGTR-SEBT-C785,,2018-05-28,2030-01-01,0,component,15000.0
1969,Олимпиадинский ГОК,E01_01,Самосвалы карьерные,S01,Узлы. ДВС,960002408,0,no_data,65,Самосвалы CAT 785C,1.0,ДВС,Двигатель внутр.сгорания №8BR02192,100000072267,11-RUD-CGTR-SEBT-CC23,Самосвал карьерный №424,11-RUD-CGTR-SEBT-C785,,2011-02-28,2030-01-01,0,component,15000.0
1979,Олимпиадинский ГОК,E01_01,Самосвалы карьерные,S01,Узлы. ДВС,960002408,0,no_data,65,Самосвалы CAT 785C,1.0,ДВС,Двигатель внутр.сгорания №8BR02817,100000038373,11-RUD-CGTR-SEBT-CC24,Самосвал карьерный №425,11-RUD-CGTR-SEBT-C785,,2009-08-03,2030-01-01,0,component,15000.0
1998,Олимпиадинский ГОК,E01_01,Самосвалы карьерные,S01,Узлы. ДВС,960002408,0,no_data,65,Самосвалы CAT 785C,1.0,ДВС,Двигатель внутр.сгорания №8BR02972,100000038440,11-RUD-CGTR-SEBT-CC26,Самосвал карьерный №427,11-RUD-CGTR-SEBT-C785,,2017-08-30,2030-01-01,0,component,15000.0
2008,Олимпиадинский ГОК,E01_01,Самосвалы карьерные,S01,Узлы. ДВС,960002408,0,no_data,65,Самосвалы CAT 785C,1.0,ДВС,Двигатель внутр.сгорания №8BR02484,100000038383,11-RUD-CGTR-SEBT-CC27,Самосвал карьерный №428,11-RUD-CGTR-SEBT-C785,,2013-12-13,2030-01-01,0,component,15000.0
2017,Олимпиадинский ГОК,E01_01,Самосвалы карьерные,S01,Узлы. ДВС,960002408,0,no_data,65,Самосвалы CAT 785C,1.0,ДВС,Двигатель внутр.сгорания №8BR03223,100000038386,11-RUD-CGTR-SEBT-CC28,Самосвал карьерный №429,11-RUD-CGTR-SEBT-C785,,2011-04-30,2030-01-01,0,component,15000.0
2038,Олимпиадинский ГОК,E01_01,Самосвалы карьерные,no_data,no_data,960002408,0,no_data,65,Самосвалы CAT 785C,1.0,ДВС,Двигатель внутр.сгорания,100000058470,11-RUD-CGTR-SEBT-CC30,Самосвал карьерный №431,11-RUD-CGTR-SEBT-C785,,2011-02-28,2030-01-01,0,component,15000.0
2046,Олимпиадинский ГОК,E01_01,Самосвалы карьерные,no_data,no_data,960002408,0,no_data,65,Самосвалы CAT 785C,1.0,ДВС,Двигатель внутр.сгорания,100000038400,11-RUD-CGTR-SEBT-CC31,Самосвал карьерный №432,11-RUD-CGTR-SEBT-C785,,2013-07-31,2030-01-01,0,component,15000.0
2065,Олимпиадинский ГОК,E01_01,Самосвалы карьерные,S01,Узлы. ДВС,960002408,0,no_data,65,Самосвалы CAT 785C,1.0,ДВС,Двигатель внутр.сгорания №SDW00568,100000038450,11-RUD-CGTR-SEBT-CC33,Самосвал карьерный №434,11-RUD-CGTR-SEBT-C785,,2016-12-10,2030-01-01,0,component,15000.0
2075,Олимпиадинский ГОК,E01_01,Самосвалы карьерные,S01,Узлы. ДВС,960002408,0,no_data,65,Самосвалы CAT 785C,1.0,ДВС,Двигатель внутр.сгорания №BBR03238,100000038403,11-RUD-CGTR-SEBT-CC34,Самосвал карьерный №435,11-RUD-CGTR-SEBT-C785,,2013-07-31,2030-01-01,0,component,15000.0
2083,Олимпиадинский ГОК,E01_01,Самосвалы карьерные,S01,Узлы. ДВС,960002408,0,no_data,65,Самосвалы CAT 785C,1.0,ДВС,Двигатель внутр.сгорания №8BR03235,100000038404,11-RUD-CGTR-SEBT-CC35,Самосвал карьерный №436,11-RUD-CGTR-SEBT-C785,,2013-12-31,2030-01-01,0,component,15000.0
2093,Олимпиадинский ГОК,E01_01,Самосвалы карьерные,S01,Узлы. ДВС,960002408,0,no_data,65,Самосвалы CAT 785C,1.0,ДВС,Двигатель внутр.сгорания №EEE00143,100000038405,11-RUD-CGTR-SEBT-CC36,Самосвал карьерный №437,11-RUD-CGTR-SEBT-C785,,2013-12-13,2030-01-01,0,component,15000.0
2098,Олимпиадинский ГОК,E01_01,Самосвалы карьерные,,,960002408,0,no_data,65,Самосвалы CAT 785C,1.0,ДВС,ДВС 3512B №SDW00568,100000097653,11-RUD-CGTR-SEBT-CC36,Самосвал карьерный №437,11-RUD-CGTR-SEBT-C785,,2022-01-29,2032-01-27,0,component,15000.0
2105,Олимпиадинский ГОК,E01_01,Самосвалы карьерные,S01,Узлы. ДВС,960002408,0,no_data,65,Самосвалы CAT 785C,1.0,ДВС,Двигатель внутр.сгорания №8BR03234,100000038406,11-RUD-CGTR-SEBT-CC37,Самосвал карьерный №438,11-RUD-CGTR-SEBT-C785,,2013-12-31,2030-01-01,0,component,15000.0
2113,Олимпиадинский ГОК,E01_01,Самосвалы карьерные,no_data,no_data,960002408,0,no_data,65,Самосвалы CAT 785C,1.0,ДВС,Двигатель внутр.сгорания №8BR02979,100000038407,11-RUD-CGTR-SEBT-CC38,Самосвал карьерный №439,11-RUD-CGTR-SEBT-C785,,2008-02-19,2030-01-01,0,component,15000.0
2122,Олимпиадинский ГОК,E01_01,Самосвалы карьерные,S01,Узлы. ДВС,960002408,0,no_data,65,Самосвалы CAT 785C,1.0,ДВС,Двигатель внутр.сгорания №ЕЕЕ00274,100000038408,11-RUD-CGTR-SEBT-CC39,Самосвал карьерный №440,11-RUD-CGTR-SEBT-C785,,2008-02-19,2030-01-01,0,component,15000.0
2132,Олимпиадинский ГОК,E01_01,Самосвалы карьерные,S01,Узлы. ДВС,960002408,0,no_data,65,Самосвалы CAT 785C,1.0,ДВС,Двигатель внутр.сгорания №8BR03155,100000071877,11-RUD-CGTR-SEBT-CC40,Самосвал карьерный №441,11-RUD-CGTR-SEBT-C785,,2013-07-31,2030-01-01,0,component,15000.0
2144,Олимпиадинский ГОК,E01_01,Самосвалы карьерные,S01,Узлы. ДВС,960002408,0,no_data,65,Самосвалы CAT 785C,1.0,ДВС,Двигатель внутр.сгорания №785C BR 38-3,100000069363,11-RUD-CGTR-SEBT-CC41,Самосвал карьерный №442,11-RUD-CGTR-SEBT-C785,,2011-03-31,2030-01-01,0,component,15000.0
2164,Олимпиадинский ГОК,E01_01,Самосвалы карьерные,no_data,no_data,960002408,0,no_data,65,Самосвалы CAT 785C,1.0,ДВС,Двигатель внутр.сгорания №8BR01953,100000038401,11-RUD-CGTR-SEBT-CC43,Самосвал карьерный №444,11-RUD-CGTR-SEBT-C785,,2013-07-31,2030-01-01,0,component,15000.0
2171,Олимпиадинский ГОК,E01_01,Самосвалы карьерные,S01,Узлы. ДВС,960002408,0,no_data,65,Самосвалы CAT 785C,1.0,ДВС,Двигатель внутр.сгорания №8BR02451,100000038414,11-RUD-CGTR-SEBT-CC44,Самосвал карьерный №445,11-RUD-CGTR-SEBT-C785,,2009-08-03,2030-01-01,0,component,15000.0
2181,Олимпиадинский ГОК,E01_01,Самосвалы карьерные,S01,Узлы. ДВС,960002408,0,no_data,65,Самосвалы CAT 785C,1.0,ДВС,Двигатель внутр.сгорания №8BR03104,100000038456,11-RUD-CGTR-SEBT-CC45,Самосвал карьерный №446,11-RUD-CGTR-SEBT-C785,,2017-09-17,2030-01-01,0,component,15000.0
2191,Олимпиадинский ГОК,E01_01,Самосвалы карьерные,S01,Узлы. ДВС,960002408,0,no_data,65,Самосвалы CAT 785C,1.0,ДВС,Двигатель внутр.сгорания 8BR03262,100000069364,11-RUD-CGTR-SEBT-CC46,Самосвал карьерный №447,11-RUD-CGTR-SEBT-C785,,2020-02-28,2030-01-01,0,component,15000.0
2201,Олимпиадинский ГОК,E01_01,Самосвалы карьерные,S01,Узлы. ДВС,960002408,0,no_data,65,Самосвалы CAT 785C,1.0,ДВС,Двигатель внутр.сгорания №8BR03241,100000038417,11-RUD-CGTR-SEBT-CC47,Самосвал карьерный №448,11-RUD-CGTR-SEBT-C785,,2017-03-10,2030-01-01,0,component,15000.0
2217,Олимпиадинский ГОК,E01_01,Самосвалы карьерные,S01,Узлы. ДВС,960002408,0,no_data,65,Самосвалы CAT 785C,1.0,ДВС,Двигатель внутр.сгорания №8BR03139,100000038419,11-RUD-CGTR-SEBT-CC49,Самосвал карьерный №450,11-RUD-CGTR-SEBT-C785,,2016-08-10,2030-01-01,0,component,15000.0
2230,Олимпиадинский ГОК,E01_01,Самосвалы карьерные,S01,Узлы. ДВС,960002408,0,no_data,65,Самосвалы CAT 785C,1.0,ДВС,Двигатель внутр.сгорания №8BR02459,100000038421,11-RUD-CGTR-SEBT-CC50,Самосвал карьерный №501,11-RUD-CGTR-SEBT-C785,,2017-09-08,2030-01-01,0,component,15000.0
2250,Олимпиадинский ГОК,E01_01,Самосвалы карьерные,no_data,no_data,960002408,0,no_data,65,Самосвалы CAT 785C,1.0,ДВС,Двигатель внутр.сгорания №8BR02482,100000038423,11-RUD-CGTR-SEBT-CC52,Самосвал карьерный №503,11-RUD-CGTR-SEBT-C785,,2008-02-19,2030-01-01,0,component,15000.0
2259,Олимпиадинский ГОК,E01_01,Самосвалы карьерные,no_data,no_data,960002408,0,no_data,65,Самосвалы CAT 785C,1.0,ДВС,Двигатель внутр.сгорания №8ВR02406,100000038424,11-RUD-CGTR-SEBT-CC53,Самосвал карьерный №504,11-RUD-CGTR-SEBT-C785,,2008-02-19,2030-01-01,0,component,15000.0
2267,Олимпиадинский ГОК,E01_01,Самосвалы карьерные,S01,Узлы. ДВС,960002408,0,no_data,65,Самосвалы CAT 785C,1.0,ДВС,Двигатель внутр.сгорания №8BR02467,100000038397,11-RUD-CGTR-SEBT-CC54,Самосвал карьерный №505,11-RUD-CGTR-SEBT-C785,,2008-02-19,2030-01-01,0,component,15000.0
2278,Олимпиадинский ГОК,E01_01,Самосвалы карьерные,S01,Узлы. ДВС,960002408,0,no_data,65,Самосвалы CAT 785C,1.0,ДВС,Двигатель внутр.сгорания №8BR02257,100000038377,11-RUD-CGTR-SEBT-CC55,Самосвал карьерный №506,11-RUD-CGTR-SEBT-C785,,2008-02-19,2030-01-01,0,component,15000.0
2289,Олимпиадинский ГОК,E01_01,Самосвалы карьерные,no_data,no_data,960002408,0,no_data,65,Самосвалы CAT 785C,1.0,ДВС,Двигатель внутр.сгорания,100000038427,11-RUD-CGTR-SEBT-CC56,Самосвал карьерный №507,11-RUD-CGTR-SEBT-C785,,2008-02-19,2030-01-01,0,component,15000.0
2297,Олимпиадинский ГОК,E01_01,Самосвалы карьерные,no_data,no_data,960002408,0,no_data,65,Самосвалы CAT 785C,1.0,ДВС,Двигатель внутр.сгорания №8BR03077,100000038428,11-RUD-CGTR-SEBT-CC57,Самосвал карьерный №508,11-RUD-CGTR-SEBT-C785,,2014-03-06,2030-01-01,0,component,15000.0
2308,Олимпиадинский ГОК,E01_01,Самосвалы карьерные,S01,Узлы. ДВС,960002408,0,no_data,65,Самосвалы CAT 785C,1.0,ДВС,Двигатель внутр.сгорания №8BR03237,100000038429,11-RUD-CGTR-SEBT-CC58,Самосвал карьерный №509,11-RUD-CGTR-SEBT-C785,,2011-02-28,2030-01-01,0,component,15000.0
2315,Олимпиадинский ГОК,E01_01,Самосвалы карьерные,S01,Узлы. ДВС,960002408,0,no_data,65,Самосвалы CAT 785C,1.0,ДВС,Двигатель внутр.сгорания №8BR02453,100000038415,11-RUD-CGTR-SEBT-CC59,Самосвал карьерный №510,11-RUD-CGTR-SEBT-C785,,2013-12-31,2030-01-01,0,component,15000.0
2327,Олимпиадинский ГОК,E01_01,Самосвалы карьерные,no_data,no_data,960002408,0,no_data,65,Самосвалы CAT 785C,1.0,ДВС,Двигатель внутр.сгорания №EEE00148,100000038432,11-RUD-CGTR-SEBT-CC60,Самосвал карьерный №511,11-RUD-CGTR-SEBT-C785,,2011-02-28,2030-01-01,0,component,15000.0
2335,Олимпиадинский ГОК,E01_01,Самосвалы карьерные,no_data,no_data,960002408,0,no_data,65,Самосвалы CAT 785C,1.0,ДВС,Двигатель внутр.сгорания №8BR03239,100000038433,11-RUD-CGTR-SEBT-CC61,Самосвал карьерный №512,11-RUD-CGTR-SEBT-C785,,2008-02-19,2030-01-01,0,component,15000.0
2348,Олимпиадинский ГОК,E01_01,Самосвалы карьерные,no_data,no_data,960002408,0,no_data,65,Самосвалы CAT 785C,1.0,ДВС,Двигатель внутр.сгорания №8ВR01954,100000071884,11-RUD-CGTR-SEBT-CC62,Самосвал карьерный №514,11-RUD-CGTR-SEBT-C785,,2010-01-01,2030-01-01,0,component,15000.0
2354,Олимпиадинский ГОК,E01_01,Самосвалы карьерные,no_data,no_data,960002549,0,no_data,65,Самосвалы CAT 785C,1.0,ДВС,Двигатель внутр.сгорания,100000038435,11-RUD-CGTR-SEBT-CC63,Самосвал карьерный №515,11-RUD-CGTR-SEBT-C785,,2008-02-19,2030-01-01,0,component,15000.0
2363,Олимпиадинский ГОК,E01_01,Самосвалы карьерные,no_data,no_data,960002408,0,no_data,65,Самосвалы CAT 785C,1.0,ДВС,Двигатель внутр.сгорания,100000038436,11-RUD-CGTR-SEBT-CC64,Самосвал карьерный №516,11-RUD-CGTR-SEBT-C785,,2008-02-19,2030-01-01,0,component,15000.0
2376,Олимпиадинский ГОК,E01_01,Самосвалы карьерные,S01,Узлы. ДВС,960002408,0,no_data,65,Самосвалы CAT 785C,1.0,ДВС,Двигатель внутр.сгорания №8BR03052,100000038448,11-RUD-CGTR-SEBT-CC65,Самосвал карьерный №517,11-RUD-CGTR-SEBT-C785,,2013-12-31,2030-01-01,0,component,15000.0
2385,Олимпиадинский ГОК,E01_01,Самосвалы карьерные,S01,Узлы. ДВС,960002408,0,no_data,65,Самосвалы CAT 785C,1.0,ДВС,Двигатель внутр.сгорания №8BR02980,100000038391,11-RUD-CGTR-SEBT-CC66,Самосвал карьерный №518,11-RUD-CGTR-SEBT-C785,,2008-02-19,2030-01-01,0,component,15000.0
2394,Олимпиадинский ГОК,E01_01,Самосвалы карьерные,S01,Узлы. ДВС,960002408,0,no_data,65,Самосвалы CAT 785C,1.0,ДВС,Двигатель внутр.сгорания №8ВR02387,100000038367,11-RUD-CGTR-SEBT-CC67,Самосвал карьерный №519,11-RUD-CGTR-SEBT-C785,,2008-02-19,2030-01-01,0,component,15000.0
2412,Олимпиадинский ГОК,E01_01,Самосвалы карьерные,S01,Узлы. ДВС,960002408,0,no_data,65,Самосвалы CAT 785C,1.0,ДВС,Двигатель внутр.сгорания №8BR02484,100000038425,11-RUD-CGTR-SEBT-CC69,Самосвал карьерный №521,11-RUD-CGTR-SEBT-C785,,2009-03-31,2030-01-01,0,component,15000.0
2423,Олимпиадинский ГОК,E01_01,Самосвалы карьерные,S01,Узлы. ДВС,960002408,0,no_data,65,Самосвалы CAT 785C,1.0,ДВС,Двигатель внутр.сгорания №8BR02408,100000038395,11-RUD-CGTR-SEBT-CC70,Самосвал карьерный №522,11-RUD-CGTR-SEBT-C785,,2018-06-16,2030-01-01,0,component,15000.0
2431,Олимпиадинский ГОК,E01_01,Самосвалы карьерные,S01,Узлы. ДВС,960002408,0,no_data,65,Самосвалы CAT 785C,1.0,ДВС,Двигатель внутр.сгорания №8ВR02448,100000038422,11-RUD-CGTR-SEBT-CC71,Самосвал карьерный №523,11-RUD-CGTR-SEBT-C785,,2008-02-19,2030-01-01,0,component,15000.0
2443,Олимпиадинский ГОК,E01_01,Самосвалы карьерные,S01,Узлы. ДВС,960002408,0,no_data,65,Самосвалы CAT 785C,1.0,ДВС,Двигатель внутр.сгорания №8BR02777,100000069362,11-RUD-CGTR-SEBT-CC72,Самосвал карьерный №524,11-RUD-CGTR-SEBT-C785,,2008-02-19,2030-01-01,0,component,15000.0
2453,Олимпиадинский ГОК,E01_01,Самосвалы карьерные,no_data,no_data,960002408,0,no_data,65,Самосвалы CAT 785C,1.0,ДВС,Двигатель внутр.сгорания №8BR02780,100000038446,11-RUD-CGTR-SEBT-CC73,Самосвал карьерный №525,11-RUD-CGTR-SEBT-C785,,2013-12-13,2030-01-01,0,component,15000.0
2462,Олимпиадинский ГОК,E01_01,Самосвалы карьерные,S01,Узлы. ДВС,960002408,0,no_data,65,Самосвалы CAT 785C,1.0,ДВС,Двигатель внутр.сгорания №8BR02994,100000038447,11-RUD-CGTR-SEBT-CC74,Самосвал карьерный №526,11-RUD-CGTR-SEBT-C785,,2008-02-19,2030-01-01,0,component,15000.0
2473,Олимпиадинский ГОК,E01_01,Самосвалы карьерные,S01,Узлы. ДВС,960002408,0,no_data,65,Самосвалы CAT 785C,1.0,ДВС,Двигатель внутр.сгорания №8BR03053,100000038392,11-RUD-CGTR-SEBT-CC75,Самосвал карьерный №527,11-RUD-CGTR-SEBT-C785,,2014-02-28,2030-01-01,0,component,15000.0
2482,Олимпиадинский ГОК,E01_01,Самосвалы карьерные,S01,Узлы. ДВС,960002408,0,no_data,65,Самосвалы CAT 785C,1.0,ДВС,Двигатель внутр.сгорания №8BR02487,100000038394,11-RUD-CGTR-SEBT-CC76,Самосвал карьерный №528,11-RUD-CGTR-SEBT-C785,,2008-02-19,2030-01-01,0,component,15000.0
2497,Олимпиадинский ГОК,E01_01,Самосвалы карьерные,S01,Узлы. ДВС,960002408,0,no_data,65,Самосвалы CAT 785C,1.0,ДВС,Двигатель внутр.сгорания №8BR03156,100000038451,11-RUD-CGTR-SEBT-CC78,Самосвал карьерный №530,11-RUD-CGTR-SEBT-C785,,2008-02-19,2030-01-01,0,component,15000.0
2519,Олимпиадинский ГОК,E01_01,Самосвалы карьерные,no_data,no_data,960002408,0,no_data,65,Самосвалы CAT 785C,1.0,ДВС,Двигатель внутр.сгорания №8BR03090,100000038393,11-RUD-CGTR-SEBT-CC80,Самосвал карьерный №532,11-RUD-CGTR-SEBT-C785,,2016-02-29,2030-01-01,0,component,15000.0
2529,Олимпиадинский ГОК,E01_01,Самосвалы карьерные,no_data,no_data,960002408,0,no_data,65,Самосвалы CAT 785C,1.0,ДВС,Двигатель внутр.сгорания,100000038455,11-RUD-CGTR-SEBT-CC81,Самосвал карьерный №533,11-RUD-CGTR-SEBT-C785,,2014-03-06,2030-01-01,0,component,15000.0
2539,Олимпиадинский ГОК,E01_01,Самосвалы карьерные,no_data,no_data,960002408,0,no_data,65,Самосвалы CAT 785C,1.0,ДВС,Двигатель внутр.сгорания №8BR03094,100000038413,11-RUD-CGTR-SEBT-CC82,Самосвал карьерный №534,11-RUD-CGTR-SEBT-C785,,2008-02-19,2030-01-01,0,component,15000.0
2550,Олимпиадинский ГОК,E01_01,Самосвалы карьерные,no_data,no_data,960002408,0,no_data,65,Самосвалы CAT 785C,1.0,ДВС,Двигатель внутр.сгорания №8BR02486,100000058481,11-RUD-CGTR-SEBT-CC83,Самосвал карьерный №535,11-RUD-CGTR-SEBT-C785,,2008-02-19,2030-01-01,0,component,15000.0
2558,Олимпиадинский ГОК,E01_01,Самосвалы карьерные,S01,Узлы. ДВС,960002408,0,no_data,65,Самосвалы CAT 785C,1.0,ДВС,Двигатель внутр.сгорания №8BR02872,100000038458,11-RUD-CGTR-SEBT-CC84,Самосвал карьерный №536,11-RUD-CGTR-SEBT-C785,,2011-01-31,2030-01-01,0,component,15000.0
2565,Олимпиадинский ГОК,E01_01,Самосвалы карьерные,no_data,no_data,960010724,0,no_data,67,Самосвалы CAT 793D,1.0,ДВС,Двигатель внутр.сгорания №8WM03385,100000038459,11-RUD-CGTR-SEBT-CD01,Самосвал карьерный №701,11-RUD-CGTR-SEBT-C793,,2017-11-01,2030-01-01,0,component,15000.0
2577,Олимпиадинский ГОК,E01_01,Самосвалы карьерные,no_data,no_data,960010724,0,no_data,67,Самосвалы CAT 793D,1.0,ДВС,Двигатель внутр.сгорания №8WM03453,100000073220,11-RUD-CGTR-SEBT-CD02,Самосвал карьерный №702,11-RUD-CGTR-SEBT-C793,,2020-05-01,2030-01-01,0,component,15000.0
2585,Олимпиадинский ГОК,E01_01,Самосвалы карьерные,no_data,no_data,960010724,0,no_data,67,Самосвалы CAT 793D,1.0,ДВС,Двигатель внутр.сгорания №8WM03395,100000038460,11-RUD-CGTR-SEBT-CD03,Самосвал карьерный №703,11-RUD-CGTR-SEBT-C793,,2017-11-03,2030-01-01,0,component,15000.0
2596,Олимпиадинский ГОК,E01_01,Самосвалы карьерные,no_data,no_data,960010724,0,no_data,67,Самосвалы CAT 793D,1.0,ДВС,Двигатель внутр.сгорания №8WM03396,100000038462,11-RUD-CGTR-SEBT-CD04,Самосвал карьерный №704,11-RUD-CGTR-SEBT-C793,,2017-11-30,2030-01-01,0,component,15000.0
2605,Олимпиадинский ГОК,E01_01,Самосвалы карьерные,no_data,no_data,960010724,0,no_data,67,Самосвалы CAT 793D,1.0,ДВС,Двигатель внутр.сгорания №8WM03383,100000038461,11-RUD-CGTR-SEBT-CD05,Самосвал карьерный №705,11-RUD-CGTR-SEBT-C793,,2017-11-09,2030-01-01,0,component,15000.0
2615,Олимпиадинский ГОК,E01_01,Самосвалы карьерные,no_data,no_data,960010724,0,no_data,67,Самосвалы CAT 793D,1.0,ДВС,Двигатель внутр.сгорания №8WM03403,100000038465,11-RUD-CGTR-SEBT-CD06,Самосвал карьерный №706,11-RUD-CGTR-SEBT-C793,,2017-12-12,2030-01-01,0,component,15000.0
2626,Олимпиадинский ГОК,E01_01,Самосвалы карьерные,no_data,no_data,960010724,0,no_data,67,Самосвалы CAT 793D,1.0,ДВС,Двигатель внутр.сгорания №8WM03393,100000038466,11-RUD-CGTR-SEBT-CD07,Самосвал карьерный №707,11-RUD-CGTR-SEBT-C793,,2017-12-21,2030-01-01,0,component,15000.0
2633,Олимпиадинский ГОК,E01_01,Самосвалы карьерные,S01,Узлы. ДВС,960010724,0,no_data,67,Самосвалы CAT 793D,1.0,ДВС,Двигатель внутр.сгорания №8WM03399,100000038467,11-RUD-CGTR-SEBT-CD08,Самосвал карьерный №708,11-RUD-CGTR-SEBT-C793,,2017-12-27,2030-01-01,0,component,15000.0
2646,Олимпиадинский ГОК,E01_01,Самосвалы карьерные,S01,Узлы. ДВС,960010724,0,no_data,67,Самосвалы CAT 793D,1.0,ДВС,Двигатель внутр.сгорания №8WM03405,100000038471,11-RUD-CGTR-SEBT-CD09,Самосвал карьерный №709,11-RUD-CGTR-SEBT-C793,,2018-02-22,2030-01-01,0,component,15000.0
2655,Олимпиадинский ГОК,E01_01,Самосвалы карьерные,S01,Узлы. ДВС,960010724,0,no_data,67,Самосвалы CAT 793D,1.0,ДВС,Двигатель внутр.сгорания №8WM03402,100000038472,11-RUD-CGTR-SEBT-CD10,Самосвал карьерный №710,11-RUD-CGTR-SEBT-C793,,2018-02-26,2030-01-01,0,component,15000.0
2661,Олимпиадинский ГОК,E01_01,Самосвалы карьерные,no_data,no_data,960010724,0,no_data,67,Самосвалы CAT 793D,1.0,ДВС,Двигатель внутр.сгорания №8WM03392,100000038463,11-RUD-CGTR-SEBT-CD11,Самосвал карьерный №711,11-RUD-CGTR-SEBT-C793,,2017-11-30,2030-01-01,0,component,15000.0
2675,Олимпиадинский ГОК,E01_01,Самосвалы карьерные,S01,Узлы. ДВС,960010724,0,no_data,67,Самосвалы CAT 793D,1.0,ДВС,Двигатель внутр.сгорания №8WM03423,100000038481,11-RUD-CGTR-SEBT-CD12,Самосвал карьерный №712,11-RUD-CGTR-SEBT-C793,,2018-05-31,2030-01-01,0,component,15000.0
2692,Олимпиадинский ГОК,E01_01,Самосвалы карьерные,no_data,no_data,960010724,0,no_data,67,Самосвалы CAT 793D,1.0,ДВС,Двигатель внутр.сгорания №8WM03534,100000073831,11-RUD-CGTR-SEBT-CD14,Самосвал карьерный №715,11-RUD-CGTR-SEBT-C793,,2021-04-11,2030-01-01,0,component,15000.0
2698,Олимпиадинский ГОК,E01_01,Самосвалы карьерные,no_data,no_data,960010724,0,no_data,67,Самосвалы CAT 793D,1.0,ДВС,Двигатель внутр.сгорания №8WM03391,100000038470,11-RUD-CGTR-SEBT-CD15,Самосвал карьерный №716,11-RUD-CGTR-SEBT-C793,,2018-02-09,2030-01-01,0,component,15000.0
2711,Олимпиадинский ГОК,E01_01,Самосвалы карьерные,S01,Узлы. ДВС,960010724,0,no_data,67,Самосвалы CAT 793D,1.0,ДВС,Двигатель внутр.сгорания №8WM03390,100000038469,11-RUD-CGTR-SEBT-CD16,Самосвал карьерный №717,11-RUD-CGTR-SEBT-C793,,2018-01-31,2030-01-01,0,component,15000.0
2723,Олимпиадинский ГОК,E01_01,Самосвалы карьерные,no_data,no_data,960010724,0,no_data,67,Самосвалы CAT 793D,1.0,ДВС,Двигатель внутр.сгорания №8WM03546,100000073830,11-RUD-CGTR-SEBT-CD17,Самосвал карьерный №718,11-RUD-CGTR-SEBT-C793,,2021-03-25,2030-01-01,0,component,15000.0
2729,Олимпиадинский ГОК,E01_01,Самосвалы карьерные,S01,Узлы. ДВС,960010724,0,no_data,67,Самосвалы CAT 793D,1.0,ДВС,Двигатель внутр.сгорания №8WM03416,100000038473,11-RUD-CGTR-SEBT-CD18,Самосвал карьерный №719,11-RUD-CGTR-SEBT-C793,,2018-04-12,2030-01-01,0,component,15000.0
2738,Олимпиадинский ГОК,E01_01,Самосвалы карьерные,S01,Узлы. ДВС,960010724,0,no_data,67,Самосвалы CAT 793D,1.0,ДВС,Двигатель внутр.сгорания №8WM03412,100000038478,11-RUD-CGTR-SEBT-CD19,Самосвал карьерный №720,11-RUD-CGTR-SEBT-C793,,2018-05-11,2030-01-01,0,component,15000.0
2749,Олимпиадинский ГОК,E01_01,Самосвалы карьерные,S01,Узлы. ДВС,960010724,0,no_data,67,Самосвалы CAT 793D,1.0,ДВС,Двигатель внутр.сгорания №8WM03419,100000038477,11-RUD-CGTR-SEBT-CD20,Самосвал карьерный №721,11-RUD-CGTR-SEBT-C793,,2008-02-19,2030-01-01,0,component,15000.0
2756,Олимпиадинский ГОК,E01_01,Самосвалы карьерные,S01,Узлы. ДВС,960010724,0,no_data,67,Самосвалы CAT 793D,1.0,ДВС,Двигатель внутр.сгорания №8WM03407,100000038474,11-RUD-CGTR-SEBT-CD21,Самосвал карьерный №722,11-RUD-CGTR-SEBT-C793,,2018-04-25,2030-01-01,0,component,15000.0
2768,Олимпиадинский ГОК,E01_01,Самосвалы карьерные,S01,Узлы. ДВС,960010724,0,no_data,67,Самосвалы CAT 793D,1.0,ДВС,Двигатель внутр.сгорания №8WM03398,100000038476,11-RUD-CGTR-SEBT-CD22,Самосвал карьерный №723,11-RUD-CGTR-SEBT-C793,,2018-04-10,2030-01-01,0,component,15000.0
2778,Олимпиадинский ГОК,E01_01,Самосвалы карьерные,S01,Узлы. ДВС,960010724,0,no_data,67,Самосвалы CAT 793D,1.0,ДВС,Двигатель внутр.сгорания №8WM03428,100000038488,11-RUD-CGTR-SEBT-CD23,Самосвал карьерный №724,11-RUD-CGTR-SEBT-C793,,2018-08-10,2030-01-01,0,component,15000.0
2789,Олимпиадинский ГОК,E01_01,Самосвалы карьерные,S01,Узлы. ДВС,960010724,0,no_data,67,Самосвалы CAT 793D,1.0,ДВС,Двигатель внутр.сгорания №8WM03417,100000038480,11-RUD-CGTR-SEBT-CD24,Самосвал карьерный №725,11-RUD-CGTR-SEBT-C793,,2018-05-24,2030-01-01,0,component,15000.0
2798,Олимпиадинский ГОК,E01_01,Самосвалы карьерные,S01,Узлы. ДВС,960010724,0,no_data,67,Самосвалы CAT 793D,1.0,ДВС,Двигатель внутр.сгорания №8WM03411,100000038479,11-RUD-CGTR-SEBT-CD25,Самосвал карьерный №726,11-RUD-CGTR-SEBT-C793,,2018-05-18,2030-01-01,0,component,15000.0
2810,Олимпиадинский ГОК,E01_01,Самосвалы карьерные,S01,Узлы. ДВС,960010724,0,no_data,67,Самосвалы CAT 793D,1.0,ДВС,Двигатель внутр.сгорания №8WM03446,100000038483,11-RUD-CGTR-SEBT-CD26,Самосвал карьерный №727,11-RUD-CGTR-SEBT-C793,,2018-06-30,2030-01-01,0,component,15000.0
2818,Олимпиадинский ГОК,E01_01,Самосвалы карьерные,S01,Узлы. ДВС,960010724,0,no_data,67,Самосвалы CAT 793D,1.0,ДВС,Двигатель внутр.сгорания №8WM03442,100000038484,11-RUD-CGTR-SEBT-CD27,Самосвал карьерный №728,11-RUD-CGTR-SEBT-C793,,2018-07-16,2030-01-01,0,component,15000.0
2832,Олимпиадинский ГОК,E01_01,Самосвалы карьерные,no_data,no_data,960010724,0,no_data,67,Самосвалы CAT 793D,1.0,ДВС,Двигатель внутр.сгорания №8WM03641,100000095640,11-RUD-CGTR-SEBT-CD28,Самосвал карьерный №729,11-RUD-CGTR-SEBT-C793,,2021-11-19,2030-01-01,0,component,15000.0
2839,Олимпиадинский ГОК,E01_01,Самосвалы карьерные,S01,Узлы. ДВС,960010724,0,no_data,67,Самосвалы CAT 793D,1.0,ДВС,Двигатель внутр.сгорания №8WM03432,100000038487,11-RUD-CGTR-SEBT-CD29,Самосвал карьерный №730,11-RUD-CGTR-SEBT-C793,,2018-08-02,2030-01-01,0,component,15000.0
2849,Олимпиадинский ГОК,E01_01,Самосвалы карьерные,S01,Узлы. ДВС,960010724,0,no_data,67,Самосвалы CAT 793D,1.0,ДВС,Двигатель внутр.сгорания №8WM03439,100000038491,11-RUD-CGTR-SEBT-CD30,Самосвал карьерный №731,11-RUD-CGTR-SEBT-C793,,2018-09-03,2030-01-01,0,component,15000.0
2857,Олимпиадинский ГОК,E01_01,Самосвалы карьерные,S01,Узлы. ДВС,960010724,0,no_data,67,Самосвалы CAT 793D,1.0,ДВС,Двигатель внутр.сгорания №8WM03443,100000038492,11-RUD-CGTR-SEBT-CD31,Самосвал карьерный №732,11-RUD-CGTR-SEBT-C793,,2018-09-10,2030-01-01,0,component,15000.0
2870,Олимпиадинский ГОК,E01_01,Самосвалы карьерные,S01,Узлы. ДВС,960010724,0,no_data,67,Самосвалы CAT 793D,1.0,ДВС,Двигатель внутр.сгорания №8WM03441,100000038493,11-RUD-CGTR-SEBT-CD32,Самосвал карьерный №733,11-RUD-CGTR-SEBT-C793,,2018-09-15,2030-01-01,0,component,15000.0
2880,Олимпиадинский ГОК,E01_01,Самосвалы карьерные,S01,Узлы. ДВС,960010724,0,no_data,67,Самосвалы CAT 793D,1.0,ДВС,Двигатель внутр.сгорания №8WM03426,100000038494,11-RUD-CGTR-SEBT-CD33,Самосвал карьерный №734,11-RUD-CGTR-SEBT-C793,,2018-09-20,2030-01-01,0,component,15000.0
2890,Олимпиадинский ГОК,E01_01,Самосвалы карьерные,S01,Узлы. ДВС,960010724,0,no_data,67,Самосвалы CAT 793D,1.0,ДВС,Двигатель внутр.сгорания №8WM03454,100000038495,11-RUD-CGTR-SEBT-CD34,Самосвал карьерный №735,11-RUD-CGTR-SEBT-C793,,2018-09-30,2030-01-01,0,component,15000.0
2898,Олимпиадинский ГОК,E01_01,Самосвалы карьерные,S01,Узлы. ДВС,960010724,0,no_data,67,Самосвалы CAT 793D,1.0,ДВС,Двигатель внутр.сгорания №8WM03526,100000038496,11-RUD-CGTR-SEBT-CD35,Самосвал карьерный №736,11-RUD-CGTR-SEBT-C793,,2019-09-06,2030-01-01,0,component,15000.0
2908,Олимпиадинский ГОК,E01_01,Самосвалы карьерные,S01,Узлы. ДВС,960010724,0,no_data,67,Самосвалы CAT 793D,1.0,ДВС,Двигатель внутр.сгорания №8WM03525,100000038498,11-RUD-CGTR-SEBT-CD36,Самосвал карьерный №737,11-RUD-CGTR-SEBT-C793,,2019-10-01,2030-01-01,0,component,15000.0
2918,Олимпиадинский ГОК,E01_01,Самосвалы карьерные,S01,Узлы. ДВС,960010724,0,no_data,67,Самосвалы CAT 793D,1.0,ДВС,Двигатель внутр.сгорания №8WM03559,100000038499,11-RUD-CGTR-SEBT-CD37,Самосвал карьерный №738,11-RUD-CGTR-SEBT-C793,,2019-10-23,2030-01-01,0,component,15000.0
2928,Олимпиадинский ГОК,E01_01,Самосвалы карьерные,S01,Узлы. ДВС,960010724,0,no_data,67,Самосвалы CAT 793D,1.0,ДВС,Двигатель внутр.сгорания №8WM03562,100000038500,11-RUD-CGTR-SEBT-CD38,Самосвал карьерный №739,11-RUD-CGTR-SEBT-C793,,2019-11-06,2030-01-01,0,component,15000.0
2937,Олимпиадинский ГОК,E01_01,Самосвалы карьерные,S01,Узлы. ДВС,960010724,0,no_data,67,Самосвалы CAT 793D,1.0,ДВС,Двигатель внутр.сгорания №8WM03558,100000038501,11-RUD-CGTR-SEBT-CD39,Самосвал карьерный №740,11-RUD-CGTR-SEBT-C793,,2019-11-14,2030-01-01,0,component,15000.0
2947,Олимпиадинский ГОК,E01_01,Самосвалы карьерные,no_data,no_data,960010724,0,no_data,67,Самосвалы CAT 793D,1.0,ДВС,Двигатель внутр.сгорания №8WM03563,100000038502,11-RUD-CGTR-SEBT-CD40,Самосвал карьерный №741,11-RUD-CGTR-SEBT-C793,,2019-11-23,2030-01-01,0,component,15000.0
2956,Олимпиадинский ГОК,E01_01,Самосвалы карьерные,no_data,no_data,960010724,0,no_data,67,Самосвалы CAT 793D,1.0,ДВС,Двигатель внутр.сгорания №8WM03564,100000038503,11-RUD-CGTR-SEBT-CD41,Самосвал карьерный №742,11-RUD-CGTR-SEBT-C793,,2019-12-16,2030-01-01,0,component,15000.0
2967,Олимпиадинский ГОК,E01_01,Самосвалы карьерные,no_data,no_data,960010724,0,no_data,67,Самосвалы CAT 793D,1.0,ДВС,Двигатель внутр.сгорания №8WM03569,100000038504,11-RUD-CGTR-SEBT-CD42,Самосвал карьерный №743,11-RUD-CGTR-SEBT-C793,,2019-12-21,2030-01-01,0,component,15000.0
2974,Олимпиадинский ГОК,E01_01,Самосвалы карьерные,no_data,no_data,960010724,0,no_data,67,Самосвалы CAT 793D,1.0,ДВС,Двигатель внутр.сгорания №8WM03560,100000038505,11-RUD-CGTR-SEBT-CD43,Самосвал карьерный №744,11-RUD-CGTR-SEBT-C793,,2020-01-01,2030-01-01,0,component,15000.0
2985,Олимпиадинский ГОК,E01_01,Самосвалы карьерные,no_data,no_data,960010724,0,no_data,67,Самосвалы CAT 793D,1.0,ДВС,Двигатель внутр.сгорания №8WM03565,100000038506,11-RUD-CGTR-SEBT-CD44,Самосвал карьерный №745,11-RUD-CGTR-SEBT-C793,,2008-02-19,2030-01-01,0,component,15000.0
2993,Олимпиадинский ГОК,E01_01,Самосвалы карьерные,no_data,no_data,960010724,0,no_data,67,Самосвалы CAT 793D,1.0,ДВС,Двигатель внутр.сгорания,100000056091,11-RUD-CGTR-SEBT-CD45,Самосвал карьерный №746,11-RUD-CGTR-SEBT-C793,,2020-10-06,2030-01-01,0,component,15000.0
3003,Олимпиадинский ГОК,E01_01,Самосвалы карьерные,no_data,no_data,960010724,0,no_data,67,Самосвалы CAT 793D,1.0,ДВС,Двигатель внутр.сгорания,100000056084,11-RUD-CGTR-SEBT-CD46,Самосвал карьерный №747,11-RUD-CGTR-SEBT-C793,,2020-10-08,2030-01-01,0,component,15000.0
3012,Олимпиадинский ГОК,E01_01,Самосвалы карьерные,no_data,no_data,960010724,0,no_data,67,Самосвалы CAT 793D,1.0,ДВС,Двигатель внутр.сгорания,100000056098,11-RUD-CGTR-SEBT-CD47,Самосвал карьерный №748,11-RUD-CGTR-SEBT-C793,,2020-10-11,2030-01-01,0,component,15000.0
3024,Олимпиадинский ГОК,E01_01,Самосвалы карьерные,no_data,no_data,960010724,0,no_data,67,Самосвалы CAT 793D,1.0,ДВС,Двигатель внутр.сгорания,100000056105,11-RUD-CGTR-SEBT-CD48,Самосвал карьерный №749,11-RUD-CGTR-SEBT-C793,,2020-10-19,2030-01-01,0,component,15000.0
3030,Олимпиадинский ГОК,E01_01,Самосвалы карьерные,no_data,no_data,960010724,0,no_data,67,Самосвалы CAT 793D,1.0,ДВС,Двигатель внутр.сгорания,100000056112,11-RUD-CGTR-SEBT-CD49,Самосвал карьерный №750,11-RUD-CGTR-SEBT-C793,,2020-11-12,2030-01-01,0,component,15000.0
3039,Олимпиадинский ГОК,E01_01,Самосвалы карьерные,no_data,no_data,960010724,0,no_data,67,Самосвалы CAT 793D,1.0,ДВС,Двигатель внутр.сгорания,100000056119,11-RUD-CGTR-SEBT-CD50,Самосвал карьерный №751,11-RUD-CGTR-SEBT-C793,,2020-10-29,2030-01-01,0,component,15000.0
3048,Олимпиадинский ГОК,E01_01,Самосвалы карьерные,no_data,no_data,960010724,0,no_data,67,Самосвалы CAT 793D,1.0,ДВС,Двигатель внутр.сгорания,100000056126,11-RUD-CGTR-SEBT-CD51,Самосвал карьерный №752,11-RUD-CGTR-SEBT-C793,,2020-11-20,2030-01-01,0,component,15000.0
3057,Олимпиадинский ГОК,E01_01,Самосвалы карьерные,no_data,no_data,960010724,0,no_data,67,Самосвалы CAT 793D,1.0,ДВС,Двигатель внутр.сгорания,100000056133,11-RUD-CGTR-SEBT-CD52,Самосвал карьерный №753,11-RUD-CGTR-SEBT-C793,,2020-11-23,2030-01-01,0,component,15000.0
3066,Олимпиадинский ГОК,E01_01,Самосвалы карьерные,no_data,no_data,960010724,0,no_data,67,Самосвалы CAT 793D,1.0,ДВС,Двигатель внутр.сгорания,100000056140,11-RUD-CGTR-SEBT-CD53,Самосвал карьерный №754,11-RUD-CGTR-SEBT-C793,,2020-11-28,2030-01-01,0,component,15000.0
3075,Олимпиадинский ГОК,E01_01,Самосвалы карьерные,no_data,no_data,960010724,0,no_data,67,Самосвалы CAT 793D,1.0,ДВС,Двигатель внутр.сгорания,100000056147,11-RUD-CGTR-SEBT-CD54,Самосвал карьерный №755,11-RUD-CGTR-SEBT-C793,,2020-12-07,2030-01-01,0,component,15000.0
3085,Олимпиадинский ГОК,E01_01,Самосвалы карьерные,no_data,no_data,960010724,0,no_data,67,Самосвалы CAT 793D,1.0,ДВС,Двигатель внутр.сгорания,100000056154,11-RUD-CGTR-SEBT-CD55,Самосвал карьерный №756,11-RUD-CGTR-SEBT-C793,,2020-12-11,2030-01-01,0,component,15000.0
3093,Олимпиадинский ГОК,E01_01,Самосвалы карьерные,no_data,no_data,960010724,0,no_data,67,Самосвалы CAT 793D,1.0,ДВС,Двигатель внутр.сгорания,100000056161,11-RUD-CGTR-SEBT-CD56,Самосвал карьерный №757,11-RUD-CGTR-SEBT-C793,,2020-12-18,2030-01-01,0,component,15000.0
3102,Олимпиадинский ГОК,E01_01,Самосвалы карьерные,no_data,no_data,960010724,0,no_data,67,Самосвалы CAT 793D,1.0,ДВС,Двигатель внутр.сгорания,100000056168,11-RUD-CGTR-SEBT-CD57,Самосвал карьерный №758,11-RUD-CGTR-SEBT-C793,,2020-12-25,2030-01-01,0,component,15000.0
3111,Олимпиадинский ГОК,E01_01,Самосвалы карьерные,no_data,no_data,960010724,0,no_data,67,Самосвалы CAT 793D,1.0,ДВС,Двигатель внутр.сгорания,100000056175,11-RUD-CGTR-SEBT-CD58,Самосвал карьерный №759,11-RUD-CGTR-SEBT-C793,,2021-01-15,2030-01-01,0,component,15000.0
3120,Олимпиадинский ГОК,E01_01,Самосвалы карьерные,no_data,no_data,960010724,0,no_data,67,Самосвалы CAT 793D,1.0,ДВС,Двигатель внутр.сгорания,100000056182,11-RUD-CGTR-SEBT-CD59,Самосвал карьерный №760,11-RUD-CGTR-SEBT-C793,,2021-02-01,2030-01-01,0,component,15000.0
3129,Олимпиадинский ГОК,E01_01,Самосвалы карьерные,no_data,no_data,960010724,0,no_data,67,Самосвалы CAT 793D,1.0,ДВС,Двигатель внутр.сгорания,100000056189,11-RUD-CGTR-SEBT-CD60,Самосвал карьерный №761,11-RUD-CGTR-SEBT-C793,,2021-02-08,2030-01-01,0,component,15000.0
3136,Олимпиадинский ГОК,E01_01,Самосвалы карьерные,no_data,no_data,960010724,0,no_data,67,Самосвалы CAT 793D,1.0,ДВС,Двигатель внутр.сгорания,100000056227,11-RUD-CGTR-SEBT-CD61,Самосвал карьерный №762,11-RUD-CGTR-SEBT-C793,,2021-05-03,2030-01-01,0,component,15000.0
3145,Олимпиадинский ГОК,E01_01,Самосвалы карьерные,no_data,no_data,960010724,0,no_data,67,Самосвалы CAT 793D,1.0,ДВС,Двигатель внутр.сгорания,100000056234,11-RUD-CGTR-SEBT-CD62,Самосвал карьерный №763,11-RUD-CGTR-SEBT-C793,,2021-05-04,2030-01-01,0,component,15000.0
3155,Олимпиадинский ГОК,E01_01,Самосвалы карьерные,no_data,no_data,960010724,0,no_data,67,Самосвалы CAT 793D,1.0,ДВС,Двигатель внутр.сгорания,100000056241,11-RUD-CGTR-SEBT-CD63,Самосвал карьерный №764,11-RUD-CGTR-SEBT-C793,,2021-05-10,2030-01-01,0,component,15000.0
3165,Олимпиадинский ГОК,E01_01,Самосвалы карьерные,no_data,no_data,960010724,0,no_data,67,Самосвалы CAT 793D,1.0,ДВС,Двигатель внутр.сгорания,100000056248,11-RUD-CGTR-SEBT-CD64,Самосвал карьерный №765,11-RUD-CGTR-SEBT-C793,,2021-05-21,2030-01-01,0,component,15000.0
3174,Олимпиадинский ГОК,E01_01,Самосвалы карьерные,no_data,no_data,960010724,0,no_data,67,Самосвалы CAT 793D,1.0,ДВС,Двигатель внутр.сгорания,100000056255,11-RUD-CGTR-SEBT-CD65,Самосвал карьерный №766,11-RUD-CGTR-SEBT-C793,,2021-07-20,2030-01-01,0,component,15000.0
3183,Олимпиадинский ГОК,E01_01,Самосвалы карьерные,no_data,no_data,960010724,0,no_data,67,Самосвалы CAT 793D,1.0,ДВС,Двигатель внутр.сгорания,100000056262,11-RUD-CGTR-SEBT-CD66,Самосвал карьерный №767,11-RUD-CGTR-SEBT-C793,,2021-07-25,2030-01-01,0,component,15000.0
3192,Олимпиадинский ГОК,E01_01,Самосвалы карьерные,no_data,no_data,960010724,0,no_data,67,Самосвалы CAT 793D,1.0,ДВС,Двигатель внутр.сгорания,100000056269,11-RUD-CGTR-SEBT-CD67,Самосвал карьерный №768,11-RUD-CGTR-SEBT-C793,,2021-08-05,2030-01-01,0,component,15000.0
3201,Олимпиадинский ГОК,E01_01,Самосвалы карьерные,no_data,no_data,960010724,0,no_data,67,Самосвалы CAT 793D,1.0,ДВС,Двигатель внутр.сгорания,100000056276,11-RUD-CGTR-SEBT-CD68,Самосвал карьерный №769,11-RUD-CGTR-SEBT-C793,,2021-08-11,2030-01-01,0,component,15000.0
3209,Олимпиадинский ГОК,E01_01,Самосвалы карьерные,no_data,no_data,960010724,0,no_data,67,Самосвалы CAT 793D,1.0,ДВС,Двигатель внутр.сгорания,100000056283,11-RUD-CGTR-SEBT-CD69,Самосвал карьерный №770,11-RUD-CGTR-SEBT-C793,,2021-08-20,2030-01-01,0,component,15000.0
3218,Олимпиадинский ГОК,E01_01,Самосвалы карьерные,no_data,no_data,960010724,0,no_data,67,Самосвалы CAT 793D,1.0,ДВС,Двигатель внутр.сгорания,100000056290,11-RUD-CGTR-SEBT-CD70,Самосвал карьерный №771,11-RUD-CGTR-SEBT-C793,,2021-08-27,2030-01-01,0,component,15000.0
3227,Олимпиадинский ГОК,E01_01,Самосвалы карьерные,no_data,no_data,960010724,0,no_data,67,Самосвалы CAT 793D,1.0,ДВС,Двигатель внутр.сгорания,100000056297,11-RUD-CGTR-SEBT-CD71,Самосвал карьерный №772,11-RUD-CGTR-SEBT-C793,,2021-09-06,2030-01-01,0,component,15000.0
3236,Олимпиадинский ГОК,E01_01,Самосвалы карьерные,no_data,no_data,960010724,0,no_data,67,Самосвалы CAT 793D,1.0,ДВС,Двигатель внутр.сгорания,100000056304,11-RUD-CGTR-SEBT-CD72,Самосвал карьерный №773,11-RUD-CGTR-SEBT-C793,,2021-09-09,2030-01-01,0,component,15000.0
3245,Олимпиадинский ГОК,E01_01,Самосвалы карьерные,no_data,no_data,960010724,0,no_data,67,Самосвалы CAT 793D,1.0,ДВС,Двигатель внутр.сгорания,100000056311,11-RUD-CGTR-SEBT-CD73,Самосвал карьерный №774,11-RUD-CGTR-SEBT-C793,,2021-09-18,2030-01-01,0,component,15000.0
3254,Олимпиадинский ГОК,E01_01,Самосвалы карьерные,no_data,no_data,960010724,0,no_data,67,Самосвалы CAT 793D,1.0,ДВС,Двигатель внутр.сгорания,100000056318,11-RUD-CGTR-SEBT-CD74,Самосвал карьерный №775,11-RUD-CGTR-SEBT-C793,,2021-08-01,2030-01-01,0,component,15000.0
3267,Олимпиадинский ГОК,E01_01,Самосвалы карьерные,no_data,no_data,960010724,0,no_data,67,Самосвалы CAT 793D,1.0,ДВС,Двигатель внутр.сгорания,100000056325,11-RUD-CGTR-SEBT-CD75,Самосвал карьерный №776,11-RUD-CGTR-SEBT-C793,,2021-10-06,2030-01-01,0,component,15000.0
3272,Олимпиадинский ГОК,E01_01,Самосвалы карьерные,no_data,no_data,960010724,0,no_data,67,Самосвалы CAT 793D,1.0,ДВС,Двигатель внутр.сгорания,100000056332,11-RUD-CGTR-SEBT-CD76,Самосвал карьерный №777,11-RUD-CGTR-SEBT-C793,,2021-10-09,2030-01-01,0,component,15000.0
3281,Олимпиадинский ГОК,E01_01,Самосвалы карьерные,no_data,no_data,960010724,0,no_data,67,Самосвалы CAT 793D,1.0,ДВС,Двигатель внутр.сгорания,100000056339,11-RUD-CGTR-SEBT-CD77,Самосвал карьерный №778,11-RUD-CGTR-SEBT-C793,,2021-10-16,2030-01-01,0,component,15000.0
3290,Олимпиадинский ГОК,E01_01,Самосвалы карьерные,no_data,no_data,960010724,0,no_data,67,Самосвалы CAT 793D,1.0,ДВС,Двигатель внутр.сгорания,100000056346,11-RUD-CGTR-SEBT-CD78,Самосвал карьерный №779,11-RUD-CGTR-SEBT-C793,,2021-11-05,2030-01-01,0,component,15000.0
3299,Олимпиадинский ГОК,E01_01,Самосвалы карьерные,no_data,no_data,960010724,0,no_data,67,Самосвалы CAT 793D,1.0,ДВС,Двигатель внутр.сгорания,100000056353,11-RUD-CGTR-SEBT-CD79,Самосвал карьерный №780,11-RUD-CGTR-SEBT-C793,,2021-12-04,2030-01-01,0,component,15000.0
3308,Олимпиадинский ГОК,E01_01,Самосвалы карьерные,no_data,no_data,960010724,0,no_data,67,Самосвалы CAT 793D,1.0,ДВС,Двигатель внутр.сгорания,100000056360,11-RUD-CGTR-SEBT-CD80,Самосвал карьерный №781,11-RUD-CGTR-SEBT-C793,,2021-08-01,2030-01-01,0,component,15000.0
3316,Олимпиадинский ГОК,E01_01,Самосвалы карьерные,no_data,no_data,960010724,0,no_data,67,Самосвалы CAT 793D,1.0,ДВС,Двигатель внутр.сгорания,100000056367,11-RUD-CGTR-SEBT-CD81,Самосвал карьерный №782,11-RUD-CGTR-SEBT-C793,,2021-08-01,2030-01-01,0,component,15000.0
3324,Олимпиадинский ГОК,E01_01,Самосвалы карьерные,no_data,no_data,960010724,0,no_data,67,Самосвалы CAT 793D,1.0,ДВС,Двигатель внутр.сгорания,100000056374,11-RUD-CGTR-SEBT-CD82,Самосвал карьерный №783,11-RUD-CGTR-SEBT-C793,,2021-10-01,2030-01-01,0,component,15000.0
3367,Олимпиадинский ГОК,E01_01,Самосвалы карьерные,S01,Узлы. ДВС,960002461,0,no_data,63,Самосвалы CAT 777E,1.0,ДВС,Двигатель внутр.сгорания №DLT01316,100000038346,11-RUD-CGTR-SEBT-CE01,Самосвал карьерный №150,11-RUD-CGTR-SEBT-C77E,,2019-05-21,2030-01-01,0,component,15000.0
3378,Олимпиадинский ГОК,E01_01,Самосвалы карьерные,S01,Узлы. ДВС,960002461,0,no_data,63,Самосвалы CAT 777E,1.0,ДВС,Двигатель внутр.сгорания №DLT01303,100000038347,11-RUD-CGTR-SEBT-CE02,Самосвал карьерный №151,11-RUD-CGTR-SEBT-C77E,,2019-05-21,2030-01-01,0,component,15000.0
3387,Олимпиадинский ГОК,E01_01,Самосвалы карьерные,S01,Узлы. ДВС,960002461,0,no_data,63,Самосвалы CAT 777E,1.0,ДВС,Двигатель внутр.сгорания №DLT01306,100000038348,11-RUD-CGTR-SEBT-CE03,Самосвал карьерный №152,11-RUD-CGTR-SEBT-C77E,,2019-05-24,2030-01-01,0,component,15000.0
3396,Олимпиадинский ГОК,E01_01,Самосвалы карьерные,no_data,no_data,960002461,0,no_data,63,Самосвалы CAT 777E,1.0,ДВС,Двигатель внутр.сгорания №С32 DLT01361,100000038349,11-RUD-CGTR-SEBT-CE04,Самосвал карьерный №153,11-RUD-CGTR-SEBT-C77E,,2008-02-19,2030-01-01,0,component,15000.0
3405,Олимпиадинский ГОК,E01_01,Самосвалы карьерные,no_data,no_data,960002461,0,no_data,63,Самосвалы CAT 777E,1.0,ДВС,Двигатель внутр.сгорания №DLT01314,100000038350,11-RUD-CGTR-SEBT-CE05,Самосвал карьерный №154,11-RUD-CGTR-SEBT-C77E,,2008-02-19,2030-01-01,0,component,15000.0
3415,Олимпиадинский ГОК,E01_01,Самосвалы карьерные,no_data,no_data,960002461,0,no_data,64,Самосвалы CAT 777F,1.0,ДВС,Двигатель внутр.сгорания №LJW04673,100000038352,11-RUD-CGTR-SEBT-CF02,Самосвал карьерный №137,11-RUD-CGTR-SEBT-C77F,,2008-02-19,2030-01-01,0,component,15000.0
3426,Олимпиадинский ГОК,E01_01,Самосвалы карьерные,no_data,no_data,960002461,0,no_data,64,Самосвалы CAT 777F,1.0,ДВС,Двигатель внутр.сгорания №LJW06154,100000055884,11-RUD-CGTR-SEBT-CF03,Самосвал карьерный №138,11-RUD-CGTR-SEBT-C77F,,2012-06-04,2030-01-01,0,component,15000.0
3431,Олимпиадинский ГОК,E01_01,Самосвалы карьерные,no_data,no_data,960002461,0,no_data,64,Самосвалы CAT 777F,1.0,ДВС,Двигатель внутр.сгорания №LJW08919,100000038355,11-RUD-CGTR-SEBT-CF04,Самосвал карьерный №139,11-RUD-CGTR-SEBT-C77F,,2008-11-19,2030-01-01,0,component,15000.0
3440,Олимпиадинский ГОК,E01_01,Самосвалы карьерные,no_data,no_data,960010723,0,no_data,64,Самосвалы CAT 777F,1.0,ДВС,Двигатель внутр.сгорания №LJW03589,100000038356,11-RUD-CGTR-SEBT-CF05,Самосвал карьерный №140,11-RUD-CGTR-SEBT-C77F,,2008-02-19,2030-01-01,0,component,15000.0
3455,Олимпиадинский ГОК,E01_01,Самосвалы карьерные,no_data,no_data,960010723,0,no_data,64,Самосвалы CAT 777F,1.0,ДВС,Двигатель внутр.сгорания №LJW04575,100000038359,11-RUD-CGTR-SEBT-CF08,Самосвал карьерный №143,11-RUD-CGTR-SEBT-C77F,,2008-02-19,2030-01-01,0,component,15000.0
3471,Олимпиадинский ГОК,E01_01,Самосвалы карьерные,S01,Узлы. ДВС,960002461,0,no_data,64,Самосвалы CAT 777F,1.0,ДВС,Двигатель внутр.сгорания №LJW05886,100000038361,11-RUD-CGTR-SEBT-CF10,Самосвал карьерный №145,11-RUD-CGTR-SEBT-C77F,,2010-12-16,2030-01-01,0,component,15000.0
3480,Олимпиадинский ГОК,E01_01,Самосвалы карьерные,S01,Узлы. ДВС,960002461,0,no_data,64,Самосвалы CAT 777F,1.0,ДВС,Двигатель внутр.сгорания №LJW03669,100000038358,11-RUD-CGTR-SEBT-CF11,Самосвал карьерный №146,11-RUD-CGTR-SEBT-C77F,,2012-06-04,2030-01-01,0,component,15000.0
3490,Олимпиадинский ГОК,E01_01,Самосвалы карьерные,S01,Узлы. ДВС,960002461,0,no_data,64,Самосвалы CAT 777F,1.0,ДВС,Двигатель внутр.сгорания №LJW08731,100000038360,11-RUD-CGTR-SEBT-CF12,Самосвал карьерный №147,11-RUD-CGTR-SEBT-C77F,,2008-02-19,2030-01-01,0,component,15000.0
3499,Олимпиадинский ГОК,E01_01,Самосвалы карьерные,S01,Узлы. ДВС,960002461,0,no_data,64,Самосвалы CAT 777F,1.0,ДВС,Двигатель внутр.сгорания,100000038362,11-RUD-CGTR-SEBT-CF13,Самосвал карьерный №148,11-RUD-CGTR-SEBT-C77F,,2008-11-19,2030-01-01,0,component,15000.0
3509,Олимпиадинский ГОК,E01_01,Самосвалы карьерные,S01,Узлы. ДВС,960002461,0,no_data,64,Самосвалы CAT 777F,1.0,ДВС,Двигатель внутр.сгорания №LJW05844,100000038351,11-RUD-CGTR-SEBT-CF14,Самосвал карьерный №149,11-RUD-CGTR-SEBT-C77F,,2010-12-16,2030-01-01,0,component,15000.0
3516,Олимпиадинский ГОК,E01_01,Самосвалы карьерные,S01,Узлы. ДВС,960003663,0,no_data,70,Самосвалы Komatsu 830E-1AC,1.0,ДВС,Двигатель внутр.сгорания №33194808,100000038526,11-RUD-CGTR-SEBT-KE01,Самосвал карьерный №601,11-RUD-CGTR-SEBT-K830,,2016-08-04,2030-01-01,0,component,15000.0
3524,Олимпиадинский ГОК,E01_01,Самосвалы карьерные,S01,Узлы. ДВС,960003663,0,no_data,70,Самосвалы Komatsu 830E-1AC,1.0,ДВС,Двигатель внутр.сгорания №33193750,100000038531,11-RUD-CGTR-SEBT-KE02,Самосвал карьерный №602,11-RUD-CGTR-SEBT-K830,,2016-08-23,2030-01-01,0,component,15000.0
3533,Олимпиадинский ГОК,E01_01,Самосвалы карьерные,S01,Узлы. ДВС,960003663,0,no_data,70,Самосвалы Komatsu 830E-1AC,1.0,ДВС,Двигатель внутр.сгорания №33219033,100000072131,11-RUD-CGTR-SEBT-KE03,Самосвал карьерный №603,11-RUD-CGTR-SEBT-K830,,2019-09-14,2030-01-01,0,component,15000.0
3539,Олимпиадинский ГОК,E01_01,Самосвалы карьерные,no_data,no_data,960003663,0,no_data,70,Самосвалы Komatsu 830E-1AC,1.0,ДВС,Двигатель внутр.сгорания №33194973,100000038529,11-RUD-CGTR-SEBT-KE04,Самосвал карьерный №604,11-RUD-CGTR-SEBT-K830,,2018-06-29,2030-01-01,0,component,15000.0
3548,Олимпиадинский ГОК,E01_01,Самосвалы карьерные,no_data,no_data,960003663,0,no_data,70,Самосвалы Komatsu 830E-1AC,1.0,ДВС,Двигатель внутр.сгорания №33219033,100000038527,11-RUD-CGTR-SEBT-KE05,Самосвал карьерный №605,11-RUD-CGTR-SEBT-K830,,2019-01-01,2030-01-01,0,component,15000.0
3567,Олимпиадинский ГОК,E01_01,Самосвалы карьерные,no_data,no_data,960010726,0,no_data,73,Самосвалы Komatsu HD785-5,1.0,ДВС,Двигатель внутр.сгорания №16074,100000038522,11-RUD-CGTR-SEBT-KH17,Самосвал карьерный №238,11-RUD-CGTR-SEBT-K785,,2010-03-23,2030-01-01,0,component,15000.0
3575,Олимпиадинский ГОК,E01_01,Самосвалы карьерные,no_data,no_data,960010726,0,no_data,73,Самосвалы Komatsu HD785-5,1.0,ДВС,Двигатель внутр.сгорания №16678 ENG 03-3,100000072686,11-RUD-CGTR-SEBT-KH18,Самосвал карьерный №239,11-RUD-CGTR-SEBT-K785,,2008-02-19,2030-01-01,0,component,15000.0
3585,Олимпиадинский ГОК,E01_01,Самосвалы карьерные,no_data,no_data,960010726,0,no_data,73,Самосвалы Komatsu HD785-5,1.0,ДВС,Двигатель внутр.сгорания,100000038512,11-RUD-CGTR-SEBT-KH19,Самосвал карьерный №240,11-RUD-CGTR-SEBT-K785,,2008-02-19,2030-01-01,0,component,15000.0
3594,Олимпиадинский ГОК,E01_01,Самосвалы карьерные,S01,Узлы. ДВС,960010725,0,no_data,72,Самосвалы Komatsu HD1500-8,1.0,ДВС,Двигатель внутр.сгорания №33217951,100000038507,11-RUD-CGTR-SEBT-KM01,Самосвал карьерный №311,11-RUD-CGTR-SEBT-K150,,2019-12-28,2030-01-01,0,component,15000.0
